1.018628254532814026e-01,0.000000000000000000e+00,1.108984127640724182e-01,1.649792641401290894e-01,9.775590151548385620e-02,9.395932406187057495e-02,1.000277921557426453e-01,1.316717267036437988e-01,9.198214858770370483e-02,1.068626046180725098e-01
4.972476884722709656e-02,1.751212030649185181e-01,2.416954785585403442e-01,1.450930237770080566e-01,0.000000000000000000e+00,1.908314675092697144e-01,0.000000000000000000e+00,0.000000000000000000e+00,0.000000000000000000e+00,1.975340247154235840e-01
1.270655095577239990e-01,1.306800693273544312e-01,1.219041272997856140e-01,1.032490730285644531e-01,1.030916720628738403e-01,1.689103990793228149e-01,9.064932912588119507e-02,7.327430695295333862e-02,8.117556571960449219e-02,0.000000000000000000e+00
3.050511777400970459e-01,0.000000000000000000e+00,0.000000000000000000e+00,3.601155281066894531e-01,0.000000000000000000e+00,0.000000000000000000e+00,3.348332941532135010e-01,0.000000000000000000e+00,0.000000000000000000e+00,0.000000000000000000e+00
3.849903643131256104e-01,0.000000000000000000e+00,4.311479628086090088e-01,0.000000000000000000e+00,1.838616728782653809e-01,0.000000000000000000e+00,0.000000000000000000e+00,0.000000000000000000e+00,0.000000000000000000e+00,0.000000000000000000e+00
1.000000000000000000e+00,0.000000000000000000e+00,0.000000000000000000e+00,0.000000000000000000e+00,0.000000000000000000e+00,0.000000000000000000e+00,0.000000000000000000e+00,0.000000000000000000e+00,0.000000000000000000e+00,0.000000000000000000e+00
3.141699731349945068e-01,0.000000000000000000e+00,0.000000000000000000e+00,0.000000000000000000e+00,0.000000000000000000e+00,4.558088779449462891e-01,0.000000000000000000e+00,0.000000000000000000e+00,2.300211489200592041e-01,0.000000000000000000e+00
1.789083629846572876e-01,0.000000000000000000e+00,2.096467167139053345e-01,1.258796602487564087e-01,0.000000000000000000e+00,0.000000000000000000e+00,4.855652749538421631e-01,0.000000000000000000e+00,0.000000000000000000e+00,0.000000000000000000e+00
2.075476795434951782e-01,1.686392128467559814e-01,2.093459367752075195e-01,3.015164434909820557e-01,1.129507273435592651e-01,0.000000000000000000e+00,0.000000000000000000e+00,0.000000000000000000e+00,0.000000000000000000e+00,0.000000000000000000e+00
1.000000000000000000e+00,0.000000000000000000e+00,0.000000000000000000e+00,0.000000000000000000e+00,0.000000000000000000e+00,0.000000000000000000e+00,0.000000000000000000e+00,0.000000000000000000e+00,0.000000000000000000e+00,0.000000000000000000e+00
5.272065997123718262e-01,0.000000000000000000e+00,0.000000000000000000e+00,0.000000000000000000e+00,0.000000000000000000e+00,0.000000000000000000e+00,0.000000000000000000e+00,0.000000000000000000e+00,0.000000000000000000e+00,4.727934002876281738e-01
1.653452515602111816e-01,0.000000000000000000e+00,0.000000000000000000e+00,2.664297819137573242e-01,0.000000000000000000e+00,7.642105966806411743e-02,2.106859385967254639e-01,1.509148031473159790e-01,1.302031427621841431e-01,0.000000000000000000e+00
1.671703010797500610e-01,2.765325903892517090e-01,0.000000000000000000e+00,2.086308896541595459e-01,0.000000000000000000e+00,0.000000000000000000e+00,1.867524683475494385e-01,1.609137356281280518e-01,0.000000000000000000e+00,0.000000000000000000e+00
2.991422414779663086e-01,0.000000000000000000e+00,3.490414321422576904e-01,0.000000000000000000e+00,0.000000000000000000e+00,1.150590404868125916e-01,2.367572188377380371e-01,0.000000000000000000e+00,0.000000000000000000e+00,0.000000000000000000e+00
4.936659336090087891e-02,1.738597750663757324e-01,2.399545013904571533e-01,1.440479010343551636e-01,0.000000000000000000e+00,1.894568800926208496e-01,0.000000000000000000e+00,0.000000000000000000e+00,0.000000000000000000e+00,2.033142894506454468e-01
1.000000000000000000e+00,0.000000000000000000e+00,0.000000000000000000e+00,0.000000000000000000e+00,0.000000000000000000e+00,0.000000000000000000e+00,0.000000000000000000e+00,0.000000000000000000e+00,0.000000000000000000e+00,0.000000000000000000e+00
7.642885297536849976e-02,6.661012023687362671e-02,8.823074400424957275e-02,9.251222759485244751e-02,2.126022577285766602e-01,1.260506659746170044e-01,1.027863174676895142e-01,9.587993472814559937e-02,1.388989388942718506e-01,0.000000000000000000e+00
6.114597916603088379e-01,0.000000000000000000e+00,0.000000000000000000e+00,0.000000000000000000e+00,0.000000000000000000e+00,0.000000000000000000e+00,0.000000000000000000e+00,3.885402977466583252e-01,0.000000000000000000e+00,0.000000000000000000e+00
2.974157929420471191e-01,1.930465102195739746e-01,2.649256885051727295e-01,0.000000000000000000e+00,0.000000000000000000e+00,0.000000000000000000e+00,0.000000000000000000e+00,2.446120232343673706e-01,0.000000000000000000e+00,0.000000000000000000e+00
1.899370253086090088e-01,2.644867300987243652e-01,3.105985522270202637e-01,0.000000000000000000e+00,0.000000000000000000e+00,2.349776923656463623e-01,0.000000000000000000e+00,0.000000000000000000e+00,0.000000000000000000e+00,0.000000000000000000e+00
2.305558323860168457e-01,1.496490836143493652e-01,2.053695917129516602e-01,0.000000000000000000e+00,0.000000000000000000e+00,0.000000000000000000e+00,0.000000000000000000e+00,1.896225064992904663e-01,0.000000000000000000e+00,2.248030155897140503e-01
3.644739091396331787e-01,0.000000000000000000e+00,2.223607897758483887e-01,1.219880357384681702e-01,0.000000000000000000e+00,0.000000000000000000e+00,2.911773025989532471e-01,0.000000000000000000e+00,0.000000000000000000e+00,0.000000000000000000e+00
2.620122134685516357e-01,0.000000000000000000e+00,3.972927033901214600e-01,3.406951427459716797e-01,0.000000000000000000e+00,0.000000000000000000e+00,0.000000000000000000e+00,0.000000000000000000e+00,0.000000000000000000e+00,0.000000000000000000e+00
1.000000000000000000e+00,0.000000000000000000e+00,0.000000000000000000e+00,0.000000000000000000e+00,0.000000000000000000e+00,0.000000000000000000e+00,0.000000000000000000e+00,0.000000000000000000e+00,0.000000000000000000e+00,0.000000000000000000e+00
1.359906196594238281e-01,0.000000000000000000e+00,0.000000000000000000e+00,2.191290557384490967e-01,0.000000000000000000e+00,6.285361200571060181e-02,1.732817143201828003e-01,1.241220757365226746e-01,1.070874705910682678e-01,1.775354743003845215e-01
1.011581793427467346e-01,0.000000000000000000e+00,1.101312637329101562e-01,1.638379991054534912e-01,9.707966446876525879e-02,9.330935031175613403e-02,9.933583438396453857e-02,1.307608783245086670e-01,9.134584665298461914e-02,1.130409911274909973e-01
1.000000000000000000e+00,0.000000000000000000e+00,0.000000000000000000e+00,0.000000000000000000e+00,0.000000000000000000e+00,0.000000000000000000e+00,0.000000000000000000e+00,0.000000000000000000e+00,0.000000000000000000e+00,0.000000000000000000e+00
6.538132429122924805e-01,0.000000000000000000e+00,0.000000000000000000e+00,0.000000000000000000e+00,0.000000000000000000e+00,0.000000000000000000e+00,0.000000000000000000e+00,0.000000000000000000e+00,0.000000000000000000e+00,3.461868166923522949e-01
6.888350248336791992e-01,0.000000000000000000e+00,0.000000000000000000e+00,0.000000000000000000e+00,0.000000000000000000e+00,0.000000000000000000e+00,0.000000000000000000e+00,0.000000000000000000e+00,0.000000000000000000e+00,3.111649751663208008e-01
3.113194704055786133e-01,0.000000000000000000e+00,0.000000000000000000e+00,0.000000000000000000e+00,0.000000000000000000e+00,4.516732692718505859e-01,0.000000000000000000e+00,0.000000000000000000e+00,2.370072752237319946e-01,0.000000000000000000e+00
3.601436316967010498e-01,0.000000000000000000e+00,0.000000000000000000e+00,0.000000000000000000e+00,0.000000000000000000e+00,1.629442274570465088e-01,0.000000000000000000e+00,0.000000000000000000e+00,4.769121408462524414e-01,0.000000000000000000e+00
2.061550915241241455e-01,1.090651229023933411e-01,0.000000000000000000e+00,0.000000000000000000e+00,0.000000000000000000e+00,0.000000000000000000e+00,0.000000000000000000e+00,2.206390351057052612e-01,1.608972996473312378e-01,3.032434582710266113e-01
3.433244824409484863e-01,3.408803641796112061e-01,0.000000000000000000e+00,0.000000000000000000e+00,3.157951235771179199e-01,0.000000000000000000e+00,0.000000000000000000e+00,0.000000000000000000e+00,0.000000000000000000e+00,0.000000000000000000e+00
1.000000000000000000e+00,0.000000000000000000e+00,0.000000000000000000e+00,0.000000000000000000e+00,0.000000000000000000e+00,0.000000000000000000e+00,0.000000000000000000e+00,0.000000000000000000e+00,0.000000000000000000e+00,0.000000000000000000e+00
2.963249385356903076e-01,2.880369424819946289e-01,0.000000000000000000e+00,0.000000000000000000e+00,2.872662842273712158e-01,0.000000000000000000e+00,0.000000000000000000e+00,1.283718645572662354e-01,0.000000000000000000e+00,0.000000000000000000e+00
1.002900227904319763e-01,9.556811302900314331e-02,1.183047667145729065e-01,1.003102660179138184e-01,1.074711456894874573e-01,1.077678129076957703e-01,1.159138306975364685e-01,1.243925839662551880e-01,1.299814581871032715e-01,0.000000000000000000e+00
3.706636130809783936e-01,0.000000000000000000e+00,6.293364167213439941e-01,0.000000000000000000e+00,0.000000000000000000e+00,0.000000000000000000e+00,0.000000000000000000e+00,0.000000000000000000e+00,0.000000000000000000e+00,0.000000000000000000e+00
2.947122752666473389e-01,2.864693701267242432e-01,0.000000000000000000e+00,0.000000000000000000e+00,2.857029438018798828e-01,0.000000000000000000e+00,0.000000000000000000e+00,1.331153661012649536e-01,0.000000000000000000e+00,0.000000000000000000e+00
3.021361231803894043e-01,2.482739686965942383e-01,0.000000000000000000e+00,0.000000000000000000e+00,0.000000000000000000e+00,0.000000000000000000e+00,4.495899379253387451e-01,0.000000000000000000e+00,0.000000000000000000e+00,0.000000000000000000e+00
3.720647394657135010e-01,0.000000000000000000e+00,0.000000000000000000e+00,6.279352903366088867e-01,0.000000000000000000e+00,0.000000000000000000e+00,0.000000000000000000e+00,0.000000000000000000e+00,0.000000000000000000e+00,0.000000000000000000e+00
1.162497848272323608e-01,1.164908856153488159e-01,1.481790840625762939e-01,0.000000000000000000e+00,1.526120603084564209e-01,1.549102514982223511e-01,1.107919961214065552e-01,2.007659375667572021e-01,0.000000000000000000e+00,0.000000000000000000e+00
1.000000000000000000e+00,0.000000000000000000e+00,0.000000000000000000e+00,0.000000000000000000e+00,0.000000000000000000e+00,0.000000000000000000e+00,0.000000000000000000e+00,0.000000000000000000e+00,0.000000000000000000e+00,0.000000000000000000e+00
1.005442664027214050e-01,9.581037610769271851e-02,1.186046749353408813e-01,1.005645468831062317e-01,1.077435910701751709e-01,1.080410033464431763e-01,1.162076666951179504e-01,1.247079148888587952e-01,1.277759522199630737e-01,0.000000000000000000e+00
1.436633765697479248e-01,0.000000000000000000e+00,0.000000000000000000e+00,2.314925938844680786e-01,0.000000000000000000e+00,6.639989465475082397e-02,1.830584853887557983e-01,1.311251968145370483e-01,1.131294816732406616e-01,1.311309337615966797e-01
4.075386822223663330e-01,0.000000000000000000e+00,0.000000000000000000e+00,0.000000000000000000e+00,0.000000000000000000e+00,0.000000000000000000e+00,0.000000000000000000e+00,0.000000000000000000e+00,5.924612283706665039e-01,0.000000000000000000e+00
2.922469377517700195e-01,2.840729951858520508e-01,0.000000000000000000e+00,0.000000000000000000e+00,2.833129465579986572e-01,0.000000000000000000e+00,0.000000000000000000e+00,1.403670907020568848e-01,0.000000000000000000e+00,0.000000000000000000e+00
5.425587892532348633e-01,0.000000000000000000e+00,0.000000000000000000e+00,0.000000000000000000e+00,0.000000000000000000e+00,0.000000000000000000e+00,0.000000000000000000e+00,0.000000000000000000e+00,0.000000000000000000e+00,4.574412107467651367e-01
3.000297248363494873e-01,4.067940413951873779e-01,0.000000000000000000e+00,0.000000000000000000e+00,2.931762337684631348e-01,0.000000000000000000e+00,0.000000000000000000e+00,0.000000000000000000e+00,0.000000000000000000e+00,0.000000000000000000e+00
2.139586061239242554e-01,4.131886065006256104e-01,3.728528320789337158e-01,0.000000000000000000e+00,0.000000000000000000e+00,0.000000000000000000e+00,0.000000000000000000e+00,0.000000000000000000e+00,0.000000000000000000e+00,0.000000000000000000e+00
1.301483809947967529e-01,1.304183006286621094e-01,1.658950597047805786e-01,0.000000000000000000e+00,1.708580702543258667e-01,1.734310090541839600e-01,1.240380629897117615e-01,1.052110642194747925e-01,0.000000000000000000e+00,0.000000000000000000e+00
1.951286196708679199e-01,7.338556647300720215e-02,2.228512614965438843e-01,1.718747168779373169e-01,1.749780029058456421e-01,0.000000000000000000e+00,0.000000000000000000e+00,0.000000000000000000e+00,1.617819219827651978e-01,0.000000000000000000e+00
1.007374972105026245e-01,9.599451720714569092e-02,1.188326254487037659e-01,1.007578223943710327e-01,1.079506650567054749e-01,1.082486510276794434e-01,1.164310052990913391e-01,1.249475926160812378e-01,1.260996758937835693e-01,0.000000000000000000e+00
1.874960958957672119e-01,0.000000000000000000e+00,0.000000000000000000e+00,0.000000000000000000e+00,2.218807339668273926e-01,3.624023795127868652e-01,2.282208055257797241e-01,0.000000000000000000e+00,0.000000000000000000e+00,0.000000000000000000e+00
1.630278825759887695e-01,0.000000000000000000e+00,0.000000000000000000e+00,0.000000000000000000e+00,1.929253339767456055e-01,3.151089251041412354e-01,1.984380334615707397e-01,0.000000000000000000e+00,0.000000000000000000e+00,1.304997652769088745e-01
4.543626010417938232e-01,0.000000000000000000e+00,0.000000000000000000e+00,0.000000000000000000e+00,0.000000000000000000e+00,0.000000000000000000e+00,5.456373691558837891e-01,0.000000000000000000e+00,0.000000000000000000e+00,0.000000000000000000e+00
3.427259624004364014e-01,0.000000000000000000e+00,0.000000000000000000e+00,2.809223234653472900e-01,3.763517141342163086e-01,0.000000000000000000e+00,0.000000000000000000e+00,0.000000000000000000e+00,0.000000000000000000e+00,0.000000000000000000e+00
2.850393652915954590e-01,0.000000000000000000e+00,7.149606347084045410e-01,0.000000000000000000e+00,0.000000000000000000e+00,0.000000000000000000e+00,0.000000000000000000e+00,0.000000000000000000e+00,0.000000000000000000e+00,0.000000000000000000e+00
5.068271160125732422e-01,0.000000000000000000e+00,0.000000000000000000e+00,0.000000000000000000e+00,0.000000000000000000e+00,0.000000000000000000e+00,2.161847203969955444e-01,2.769882082939147949e-01,0.000000000000000000e+00,0.000000000000000000e+00
3.146693110466003418e-01,0.000000000000000000e+00,0.000000000000000000e+00,0.000000000000000000e+00,0.000000000000000000e+00,4.565333724021911621e-01,0.000000000000000000e+00,0.000000000000000000e+00,2.287973165512084961e-01,0.000000000000000000e+00
1.000000000000000000e+00,0.000000000000000000e+00,0.000000000000000000e+00,0.000000000000000000e+00,0.000000000000000000e+00,0.000000000000000000e+00,0.000000000000000000e+00,0.000000000000000000e+00,0.000000000000000000e+00,0.000000000000000000e+00
2.139869481325149536e-01,1.388945728540420532e-01,1.906107366085052490e-01,0.000000000000000000e+00,0.000000000000000000e+00,0.000000000000000000e+00,0.000000000000000000e+00,1.759953051805496216e-01,0.000000000000000000e+00,2.805123627185821533e-01
2.522321939468383789e-01,0.000000000000000000e+00,0.000000000000000000e+00,0.000000000000000000e+00,3.111076354980468750e-01,0.000000000000000000e+00,0.000000000000000000e+00,0.000000000000000000e+00,0.000000000000000000e+00,4.366601407527923584e-01
2.906094491481781006e-01,2.824813127517700195e-01,0.000000000000000000e+00,0.000000000000000000e+00,2.817255258560180664e-01,0.000000000000000000e+00,0.000000000000000000e+00,1.451837718486785889e-01,0.000000000000000000e+00,0.000000000000000000e+00
3.292900621891021729e-01,0.000000000000000000e+00,0.000000000000000000e+00,0.000000000000000000e+00,0.000000000000000000e+00,4.777456521987915039e-01,0.000000000000000000e+00,0.000000000000000000e+00,1.929641962051391602e-01,0.000000000000000000e+00
1.000000000000000000e+00,0.000000000000000000e+00,0.000000000000000000e+00,0.000000000000000000e+00,0.000000000000000000e+00,0.000000000000000000e+00,0.000000000000000000e+00,0.000000000000000000e+00,0.000000000000000000e+00,0.000000000000000000e+00
2.710162997245788574e-01,0.000000000000000000e+00,4.601488411426544189e-01,2.688348591327667236e-01,0.000000000000000000e+00,0.000000000000000000e+00,0.000000000000000000e+00,0.000000000000000000e+00,0.000000000000000000e+00,0.000000000000000000e+00
1.000000000000000000e+00,0.000000000000000000e+00,0.000000000000000000e+00,0.000000000000000000e+00,0.000000000000000000e+00,0.000000000000000000e+00,0.000000000000000000e+00,0.000000000000000000e+00,0.000000000000000000e+00,0.000000000000000000e+00
4.307373762130737305e-01,0.000000000000000000e+00,0.000000000000000000e+00,0.000000000000000000e+00,0.000000000000000000e+00,0.000000000000000000e+00,0.000000000000000000e+00,0.000000000000000000e+00,5.692626833915710449e-01,0.000000000000000000e+00
1.938829123973846436e-01,1.575361490249633789e-01,1.955627799034118652e-01,2.816648483276367188e-01,1.055141463875770569e-01,0.000000000000000000e+00,6.583915650844573975e-02,0.000000000000000000e+00,0.000000000000000000e+00,0.000000000000000000e+00
3.328664600849151611e-01,0.000000000000000000e+00,0.000000000000000000e+00,0.000000000000000000e+00,3.652193248271942139e-01,0.000000000000000000e+00,0.000000000000000000e+00,0.000000000000000000e+00,0.000000000000000000e+00,3.019142150878906250e-01
2.457984983921051025e-01,0.000000000000000000e+00,0.000000000000000000e+00,2.483199536800384521e-01,0.000000000000000000e+00,0.000000000000000000e+00,1.908491104841232300e-01,0.000000000000000000e+00,3.150324821472167969e-01,0.000000000000000000e+00
3.457406461238861084e-01,0.000000000000000000e+00,0.000000000000000000e+00,0.000000000000000000e+00,2.450660467147827148e-01,1.592931151390075684e-01,1.211608648300170898e-01,1.287393122911453247e-01,0.000000000000000000e+00,0.000000000000000000e+00
2.569414079189300537e-01,0.000000000000000000e+00,0.000000000000000000e+00,0.000000000000000000e+00,1.821238398551940918e-01,1.183806359767913818e-01,9.004218876361846924e-02,9.567420184612274170e-02,0.000000000000000000e+00,2.568376660346984863e-01
2.885115444660186768e-01,0.000000000000000000e+00,0.000000000000000000e+00,0.000000000000000000e+00,2.045012116432189941e-01,1.329259425401687622e-01,1.011055782437324524e-01,1.074295938014984131e-01,0.000000000000000000e+00,1.655260920524597168e-01
2.979876399040222168e-01,0.000000000000000000e+00,0.000000000000000000e+00,0.000000000000000000e+00,2.112180143594741821e-01,1.372918635606765747e-01,1.044263690710067749e-01,1.109580993652343750e-01,0.000000000000000000e+00,1.381179988384246826e-01
3.004019856452941895e-01,0.000000000000000000e+00,0.000000000000000000e+00,0.000000000000000000e+00,2.129293382167816162e-01,1.384042352437973022e-01,1.052724495530128479e-01,1.118571013212203979e-01,0.000000000000000000e+00,1.311349570751190186e-01
2.996133267879486084e-01,0.000000000000000000e+00,0.000000000000000000e+00,0.000000000000000000e+00,2.123703211545944214e-01,1.380408704280853271e-01,1.049960702657699585e-01,1.115634366869926453e-01,0.000000000000000000e+00,1.334159970283508301e-01
2.876207828521728516e-01,2.795762419700622559e-01,0.000000000000000000e+00,0.000000000000000000e+00,2.788282334804534912e-01,0.000000000000000000e+00,0.000000000000000000e+00,1.539747565984725952e-01,0.000000000000000000e+00,0.000000000000000000e+00
1.214260384440422058e-01,0.000000000000000000e+00,0.000000000000000000e+00,1.214156746864318848e-01,0.000000000000000000e+00,1.568539291620254517e-01,0.000000000000000000e+00,1.474741846323013306e-01,1.309004724025726318e-01,3.219297826290130615e-01
2.132107466459274292e-01,1.383907347917556763e-01,1.899192929267883301e-01,0.000000000000000000e+00,0.000000000000000000e+00,0.000000000000000000e+00,0.000000000000000000e+00,1.753568947315216064e-01,0.000000000000000000e+00,2.831223309040069580e-01
2.896160185337066650e-01,2.815156579017639160e-01,0.000000000000000000e+00,0.000000000000000000e+00,2.807624638080596924e-01,0.000000000000000000e+00,0.000000000000000000e+00,1.481058597564697266e-01,0.000000000000000000e+00,0.000000000000000000e+00
1.015246137976646423e-01,9.674455970525741577e-02,1.197611168026924133e-01,1.015450954437255859e-01,1.087941378355026245e-01,1.090944558382034302e-01,1.173407360911369324e-01,1.259238719940185547e-01,1.192714422941207886e-01,0.000000000000000000e+00
7.047053426504135132e-02,6.141726672649383545e-02,8.135236799716949463e-02,8.530006557703018188e-02,1.960280090570449829e-01,1.162238940596580505e-01,9.477320313453674316e-02,8.840523660182952881e-02,1.280705183744430542e-01,7.795893400907516479e-02
4.089545607566833496e-01,0.000000000000000000e+00,0.000000000000000000e+00,0.000000000000000000e+00,5.910454392433166504e-01,0.000000000000000000e+00,0.000000000000000000e+00,0.000000000000000000e+00,0.000000000000000000e+00,0.000000000000000000e+00
2.279098629951477051e-01,0.000000000000000000e+00,0.000000000000000000e+00,0.000000000000000000e+00,0.000000000000000000e+00,0.000000000000000000e+00,0.000000000000000000e+00,0.000000000000000000e+00,3.012057840824127197e-01,4.708844125270843506e-01
5.667298436164855957e-01,0.000000000000000000e+00,0.000000000000000000e+00,0.000000000000000000e+00,0.000000000000000000e+00,0.000000000000000000e+00,0.000000000000000000e+00,0.000000000000000000e+00,0.000000000000000000e+00,4.332701265811920166e-01
1.467287838459014893e-01,2.705672383308410645e-01,1.963723152875900269e-01,0.000000000000000000e+00,0.000000000000000000e+00,0.000000000000000000e+00,0.000000000000000000e+00,1.974509656429290771e-01,1.888807266950607300e-01,0.000000000000000000e+00
1.000000000000000000e+00,0.000000000000000000e+00,0.000000000000000000e+00,0.000000000000000000e+00,0.000000000000000000e+00,0.000000000000000000e+00,0.000000000000000000e+00,0.000000000000000000e+00,0.000000000000000000e+00,0.000000000000000000e+00
6.240543127059936523e-01,0.000000000000000000e+00,0.000000000000000000e+00,0.000000000000000000e+00,0.000000000000000000e+00,0.000000000000000000e+00,0.000000000000000000e+00,3.759457170963287354e-01,0.000000000000000000e+00,0.000000000000000000e+00
1.000000000000000000e+00,0.000000000000000000e+00,0.000000000000000000e+00,0.000000000000000000e+00,0.000000000000000000e+00,0.000000000000000000e+00,0.000000000000000000e+00,0.000000000000000000e+00,0.000000000000000000e+00,0.000000000000000000e+00
1.000000000000000000e+00,0.000000000000000000e+00,0.000000000000000000e+00,0.000000000000000000e+00,0.000000000000000000e+00,0.000000000000000000e+00,0.000000000000000000e+00,0.000000000000000000e+00,0.000000000000000000e+00,0.000000000000000000e+00
2.649395167827606201e-01,0.000000000000000000e+00,0.000000000000000000e+00,0.000000000000000000e+00,0.000000000000000000e+00,0.000000000000000000e+00,4.724893867969512939e-01,2.625710368156433105e-01,0.000000000000000000e+00,0.000000000000000000e+00
3.234172165393829346e-01,0.000000000000000000e+00,0.000000000000000000e+00,0.000000000000000000e+00,0.000000000000000000e+00,4.692251384258270264e-01,0.000000000000000000e+00,0.000000000000000000e+00,2.073576003313064575e-01,0.000000000000000000e+00
1.472919732332229614e-01,2.436499297618865967e-01,0.000000000000000000e+00,1.838224679231643677e-01,0.000000000000000000e+00,0.000000000000000000e+00,1.645456105470657349e-01,1.417793929576873779e-01,1.189105436205863953e-01,0.000000000000000000e+00
1.995564103126525879e-01,0.000000000000000000e+00,3.388196527957916260e-01,1.979501396417617798e-01,2.636738419532775879e-01,0.000000000000000000e+00,0.000000000000000000e+00,0.000000000000000000e+00,0.000000000000000000e+00,0.000000000000000000e+00
1.015409752726554871e-01,9.676015377044677734e-02,1.197804212570190430e-01,1.015614569187164307e-01,1.088116690516471863e-01,1.091120392084121704e-01,1.173596456646919250e-01,1.259441673755645752e-01,1.191294789314270020e-01,0.000000000000000000e+00
2.252168953418731689e-01,0.000000000000000000e+00,0.000000000000000000e+00,0.000000000000000000e+00,0.000000000000000000e+00,0.000000000000000000e+00,0.000000000000000000e+00,0.000000000000000000e+00,2.976467311382293701e-01,4.771363735198974609e-01
1.017452701926231384e-01,9.695482999086380005e-02,1.200214177370071411e-01,1.017657965421676636e-01,1.090305969119071960e-01,1.093315631151199341e-01,1.175957694649696350e-01,1.261975616216659546e-01,1.173572391271591187e-01,0.000000000000000000e+00
2.853587269783020020e-01,2.773774564266204834e-01,0.000000000000000000e+00,0.000000000000000000e+00,2.766353189945220947e-01,0.000000000000000000e+00,0.000000000000000000e+00,1.606284826993942261e-01,0.000000000000000000e+00,0.000000000000000000e+00
1.478794217109680176e-01,1.653379797935485840e-01,1.937989145517349243e-01,1.888401955366134644e-01,1.636257022619247437e-01,1.405178457498550415e-01,0.000000000000000000e+00,0.000000000000000000e+00,0.000000000000000000e+00,0.000000000000000000e+00
2.844678759574890137e-01,2.765115201473236084e-01,0.000000000000000000e+00,0.000000000000000000e+00,2.757717072963714600e-01,0.000000000000000000e+00,0.000000000000000000e+00,1.632489711046218872e-01,0.000000000000000000e+00,0.000000000000000000e+00
2.843472361564636230e-01,0.000000000000000000e+00,0.000000000000000000e+00,0.000000000000000000e+00,4.109555184841156006e-01,3.046972453594207764e-01,0.000000000000000000e+00,0.000000000000000000e+00,0.000000000000000000e+00,0.000000000000000000e+00
1.000000000000000000e+00,0.000000000000000000e+00,0.000000000000000000e+00,0.000000000000000000e+00,0.000000000000000000e+00,0.000000000000000000e+00,0.000000000000000000e+00,0.000000000000000000e+00,0.000000000000000000e+00,0.000000000000000000e+00
6.013029217720031738e-01,0.000000000000000000e+00,0.000000000000000000e+00,0.000000000000000000e+00,0.000000000000000000e+00,0.000000000000000000e+00,0.000000000000000000e+00,0.000000000000000000e+00,0.000000000000000000e+00,3.986970782279968262e-01
5.887076854705810547e-01,0.000000000000000000e+00,0.000000000000000000e+00,0.000000000000000000e+00,0.000000000000000000e+00,0.000000000000000000e+00,0.000000000000000000e+00,0.000000000000000000e+00,0.000000000000000000e+00,4.112922847270965576e-01
6.139003634452819824e-01,0.000000000000000000e+00,0.000000000000000000e+00,0.000000000000000000e+00,0.000000000000000000e+00,0.000000000000000000e+00,0.000000000000000000e+00,0.000000000000000000e+00,0.000000000000000000e+00,3.860996067523956299e-01
2.497259378433227539e-01,0.000000000000000000e+00,0.000000000000000000e+00,0.000000000000000000e+00,0.000000000000000000e+00,1.795745193958282471e-01,2.147314548492431641e-01,1.846042573451995850e-01,1.713638305664062500e-01,0.000000000000000000e+00
4.111159443855285645e-01,3.230175673961639404e-01,0.000000000000000000e+00,2.658664584159851074e-01,0.000000000000000000e+00,0.000000000000000000e+00,0.000000000000000000e+00,0.000000000000000000e+00,0.000000000000000000e+00,0.000000000000000000e+00
5.904138088226318359e-01,0.000000000000000000e+00,0.000000000000000000e+00,0.000000000000000000e+00,0.000000000000000000e+00,0.000000000000000000e+00,0.000000000000000000e+00,0.000000000000000000e+00,0.000000000000000000e+00,4.095861017704010010e-01
5.411731600761413574e-01,0.000000000000000000e+00,0.000000000000000000e+00,0.000000000000000000e+00,0.000000000000000000e+00,0.000000000000000000e+00,0.000000000000000000e+00,0.000000000000000000e+00,0.000000000000000000e+00,4.588268399238586426e-01
6.038410067558288574e-01,0.000000000000000000e+00,0.000000000000000000e+00,0.000000000000000000e+00,0.000000000000000000e+00,0.000000000000000000e+00,0.000000000000000000e+00,0.000000000000000000e+00,0.000000000000000000e+00,3.961590230464935303e-01
1.725616902112960815e-01,0.000000000000000000e+00,0.000000000000000000e+00,3.978910446166992188e-01,0.000000000000000000e+00,0.000000000000000000e+00,2.014466971158981323e-01,2.281005084514617920e-01,0.000000000000000000e+00,0.000000000000000000e+00
1.027432680130004883e-01,0.000000000000000000e+00,1.118569523096084595e-01,1.664052456617355347e-01,9.860084950923919678e-02,9.477145224809646606e-02,1.008923724293708801e-01,1.328098177909851074e-01,9.277718514204025269e-02,9.914285689592361450e-02
5.224527120590209961e-01,4.775473773479461670e-01,0.000000000000000000e+00,0.000000000000000000e+00,0.000000000000000000e+00,0.000000000000000000e+00,0.000000000000000000e+00,0.000000000000000000e+00,0.000000000000000000e+00,0.000000000000000000e+00
1.012856885790824890e-01,9.651689231395721436e-02,1.194792836904525757e-01,1.013061255216598511e-01,1.085381135344505310e-01,1.088377162814140320e-01,1.170645952224731445e-01,1.256275326013565063e-01,1.213439851999282837e-01,0.000000000000000000e+00
2.001827657222747803e-01,0.000000000000000000e+00,3.398831188678741455e-01,1.985714584589004517e-01,2.613626718521118164e-01,0.000000000000000000e+00,0.000000000000000000e+00,0.000000000000000000e+00,0.000000000000000000e+00,0.000000000000000000e+00
5.880475044250488281e-01,0.000000000000000000e+00,0.000000000000000000e+00,0.000000000000000000e+00,0.000000000000000000e+00,0.000000000000000000e+00,0.000000000000000000e+00,0.000000000000000000e+00,0.000000000000000000e+00,4.119525253772735596e-01
5.765686631202697754e-01,0.000000000000000000e+00,0.000000000000000000e+00,0.000000000000000000e+00,0.000000000000000000e+00,0.000000000000000000e+00,0.000000000000000000e+00,0.000000000000000000e+00,0.000000000000000000e+00,4.234313368797302246e-01
5.648286938667297363e-01,0.000000000000000000e+00,0.000000000000000000e+00,0.000000000000000000e+00,0.000000000000000000e+00,0.000000000000000000e+00,0.000000000000000000e+00,0.000000000000000000e+00,0.000000000000000000e+00,4.351713359355926514e-01
5.686939954757690430e-01,0.000000000000000000e+00,0.000000000000000000e+00,0.000000000000000000e+00,0.000000000000000000e+00,0.000000000000000000e+00,0.000000000000000000e+00,0.000000000000000000e+00,0.000000000000000000e+00,4.313060343265533447e-01
1.256314665079116821e-01,2.316638678312301636e-01,1.681370139122009277e-01,0.000000000000000000e+00,0.000000000000000000e+00,0.000000000000000000e+00,0.000000000000000000e+00,1.690605878829956055e-01,1.617226004600524902e-01,1.437844932079315186e-01
1.000000000000000000e+00,0.000000000000000000e+00,0.000000000000000000e+00,0.000000000000000000e+00,0.000000000000000000e+00,0.000000000000000000e+00,0.000000000000000000e+00,0.000000000000000000e+00,0.000000000000000000e+00,0.000000000000000000e+00
7.460824847221374512e-01,0.000000000000000000e+00,0.000000000000000000e+00,0.000000000000000000e+00,0.000000000000000000e+00,0.000000000000000000e+00,0.000000000000000000e+00,0.000000000000000000e+00,0.000000000000000000e+00,2.539175450801849365e-01
6.787282228469848633e-02,5.915327742695808411e-02,7.835352420806884766e-02,8.215570449829101562e-02,1.888019442558288574e-01,1.119396016001701355e-01,9.127963334321975708e-02,8.514640480279922485e-02,1.233495324850082397e-01,1.119476035237312317e-01
1.000000000000000000e+00,0.000000000000000000e+00,0.000000000000000000e+00,0.000000000000000000e+00,0.000000000000000000e+00,0.000000000000000000e+00,0.000000000000000000e+00,0.000000000000000000e+00,0.000000000000000000e+00,0.000000000000000000e+00
1.267807781696319580e-01,2.337831854820251465e-01,1.696751713752746582e-01,0.000000000000000000e+00,0.000000000000000000e+00,0.000000000000000000e+00,0.000000000000000000e+00,1.706071943044662476e-01,1.632020771503448486e-01,1.359516680240631104e-01
1.000000000000000000e+00,0.000000000000000000e+00,0.000000000000000000e+00,0.000000000000000000e+00,0.000000000000000000e+00,0.000000000000000000e+00,0.000000000000000000e+00,0.000000000000000000e+00,0.000000000000000000e+00,0.000000000000000000e+00
3.540894687175750732e-01,2.232584208250045776e-01,4.226520955562591553e-01,0.000000000000000000e+00,0.000000000000000000e+00,0.000000000000000000e+00,0.000000000000000000e+00,0.000000000000000000e+00,0.000000000000000000e+00,0.000000000000000000e+00
2.722481489181518555e-01,0.000000000000000000e+00,0.000000000000000000e+00,0.000000000000000000e+00,0.000000000000000000e+00,0.000000000000000000e+00,0.000000000000000000e+00,0.000000000000000000e+00,3.598032891750335693e-01,3.679485917091369629e-01
2.497622072696685791e-01,2.052368223667144775e-01,0.000000000000000000e+00,0.000000000000000000e+00,0.000000000000000000e+00,0.000000000000000000e+00,3.716555833816528320e-01,1.733453869819641113e-01,0.000000000000000000e+00,0.000000000000000000e+00
2.390776723623275757e-01,2.323908358812332153e-01,0.000000000000000000e+00,0.000000000000000000e+00,2.317690700292587280e-01,0.000000000000000000e+00,0.000000000000000000e+00,1.372006684541702271e-01,1.595617681741714478e-01,0.000000000000000000e+00
1.000000000000000000e+00,0.000000000000000000e+00,0.000000000000000000e+00,0.000000000000000000e+00,0.000000000000000000e+00,0.000000000000000000e+00,0.000000000000000000e+00,0.000000000000000000e+00,0.000000000000000000e+00,0.000000000000000000e+00
5.047098398208618164e-01,2.784427404403686523e-01,0.000000000000000000e+00,0.000000000000000000e+00,0.000000000000000000e+00,0.000000000000000000e+00,1.075822040438652039e-01,0.000000000000000000e+00,1.092651784420013428e-01,0.000000000000000000e+00
2.404881119728088379e-01,2.337618321180343628e-01,0.000000000000000000e+00,0.000000000000000000e+00,2.331364005804061890e-01,0.000000000000000000e+00,0.000000000000000000e+00,1.380100846290588379e-01,1.546035856008529663e-01,0.000000000000000000e+00
1.467915475368499756e-01,0.000000000000000000e+00,0.000000000000000000e+00,2.365331947803497314e-01,0.000000000000000000e+00,6.784570962190628052e-02,1.870444715023040771e-01,1.339803636074066162e-01,1.155928000807762146e-01,1.122118830680847168e-01
1.469341367483139038e-01,0.000000000000000000e+00,0.000000000000000000e+00,2.367629557847976685e-01,0.000000000000000000e+00,6.791161000728607178e-02,1.872261613607406616e-01,1.341105103492736816e-01,1.157050803303718567e-01,1.113495901226997375e-01
1.911014169454574585e-01,1.011010557413101196e-01,0.000000000000000000e+00,0.000000000000000000e+00,0.000000000000000000e+00,0.000000000000000000e+00,0.000000000000000000e+00,2.045277059078216553e-01,1.491483896970748901e-01,3.541214764118194580e-01
2.364542484283447266e-01,2.298407852649688721e-01,0.000000000000000000e+00,0.000000000000000000e+00,2.292258441448211670e-01,0.000000000000000000e+00,0.000000000000000000e+00,1.356951594352722168e-01,1.687839329242706299e-01,0.000000000000000000e+00
3.246732950210571289e-01,0.000000000000000000e+00,0.000000000000000000e+00,0.000000000000000000e+00,0.000000000000000000e+00,4.710474908351898193e-01,0.000000000000000000e+00,0.000000000000000000e+00,2.042791396379470825e-01,0.000000000000000000e+00
1.014808565378189087e-01,9.670286625623703003e-02,1.197095066308975220e-01,1.015013307332992554e-01,1.087472513318061829e-01,1.090474352240562439e-01,1.172901615500450134e-01,1.258696019649505615e-01,1.196509525179862976e-01,0.000000000000000000e+00
1.687243729829788208e-01,0.000000000000000000e+00,0.000000000000000000e+00,0.000000000000000000e+00,2.438504993915557861e-01,1.807995438575744629e-01,4.066255986690521240e-01,0.000000000000000000e+00,0.000000000000000000e+00,0.000000000000000000e+00
1.014836430549621582e-01,9.670552611351013184e-02,1.197127923369407654e-01,1.015041172504425049e-01,1.087502390146255493e-01,1.090504303574562073e-01,1.172933876514434814e-01,1.258730590343475342e-01,1.196267828345298767e-01,0.000000000000000000e+00
1.000000000000000000e+00,0.000000000000000000e+00,0.000000000000000000e+00,0.000000000000000000e+00,0.000000000000000000e+00,0.000000000000000000e+00,0.000000000000000000e+00,0.000000000000000000e+00,0.000000000000000000e+00,0.000000000000000000e+00
2.749846875667572021e-01,0.000000000000000000e+00,0.000000000000000000e+00,7.250153422355651855e-01,0.000000000000000000e+00,0.000000000000000000e+00,0.000000000000000000e+00,0.000000000000000000e+00,0.000000000000000000e+00,0.000000000000000000e+00
1.011315435171127319e-01,9.636999666690826416e-02,1.192974448204040527e-01,1.011519432067871094e-01,1.083729192614555359e-01,1.086720749735832214e-01,1.168864294886589050e-01,1.254363358020782471e-01,1.226812601089477539e-01,0.000000000000000000e+00
1.777770370244979858e-01,0.000000000000000000e+00,0.000000000000000000e+00,4.687209427356719971e-01,3.535020053386688232e-01,0.000000000000000000e+00,0.000000000000000000e+00,0.000000000000000000e+00,0.000000000000000000e+00,0.000000000000000000e+00
1.010720953345298767e-01,9.631335735321044922e-02,1.192273199558258057e-01,1.010924875736236572e-01,1.083092242479324341e-01,1.086082011461257935e-01,1.168177276849746704e-01,1.253626048564910889e-01,1.231970116496086121e-01,0.000000000000000000e+00
1.010170802474021912e-01,9.626093506813049316e-02,1.191624253988265991e-01,1.010374650359153748e-01,1.082502678036689758e-01,1.085490882396697998e-01,1.167541444301605225e-01,1.252943724393844604e-01,1.236741542816162109e-01,0.000000000000000000e+00
1.777770370244979858e-01,0.000000000000000000e+00,0.000000000000000000e+00,4.687209427356719971e-01,3.535020053386688232e-01,0.000000000000000000e+00,0.000000000000000000e+00,0.000000000000000000e+00,0.000000000000000000e+00,0.000000000000000000e+00
2.309031039476394653e-01,2.244449108839035034e-01,0.000000000000000000e+00,0.000000000000000000e+00,2.238444089889526367e-01,0.000000000000000000e+00,0.000000000000000000e+00,1.325094997882843018e-01,1.882980465888977051e-01,0.000000000000000000e+00
2.618907392024993896e-01,0.000000000000000000e+00,0.000000000000000000e+00,0.000000000000000000e+00,0.000000000000000000e+00,3.799603581428527832e-01,0.000000000000000000e+00,0.000000000000000000e+00,1.647773981094360352e-01,1.933714747428894043e-01
2.344574779272079468e-01,2.278998643159866333e-01,0.000000000000000000e+00,0.000000000000000000e+00,2.272901237010955811e-01,0.000000000000000000e+00,0.000000000000000000e+00,1.345492601394653320e-01,1.758033186197280884e-01,0.000000000000000000e+00
5.622817277908325195e-01,4.377183020114898682e-01,0.000000000000000000e+00,0.000000000000000000e+00,0.000000000000000000e+00,0.000000000000000000e+00,0.000000000000000000e+00,0.000000000000000000e+00,0.000000000000000000e+00,0.000000000000000000e+00
1.774369031190872192e-01,0.000000000000000000e+00,3.012637495994567871e-01,1.760086864233016968e-01,2.316652387380599976e-01,1.136254593729972839e-01,0.000000000000000000e+00,0.000000000000000000e+00,0.000000000000000000e+00,0.000000000000000000e+00
3.810945153236389160e-01,0.000000000000000000e+00,2.291412502527236938e-01,3.897642791271209717e-01,0.000000000000000000e+00,0.000000000000000000e+00,0.000000000000000000e+00,0.000000000000000000e+00,0.000000000000000000e+00,0.000000000000000000e+00
4.465972781181335449e-01,0.000000000000000000e+00,0.000000000000000000e+00,0.000000000000000000e+00,5.534026622772216797e-01,0.000000000000000000e+00,0.000000000000000000e+00,0.000000000000000000e+00,0.000000000000000000e+00,0.000000000000000000e+00
1.460307091474533081e-01,0.000000000000000000e+00,0.000000000000000000e+00,3.367161750793457031e-01,0.000000000000000000e+00,0.000000000000000000e+00,1.704747080802917480e-01,1.930305510759353638e-01,0.000000000000000000e+00,1.537478566169738770e-01
3.748158514499664307e-01,0.000000000000000000e+00,0.000000000000000000e+00,2.683033645153045654e-01,0.000000000000000000e+00,0.000000000000000000e+00,0.000000000000000000e+00,3.568808138370513916e-01,0.000000000000000000e+00,0.000000000000000000e+00
2.684743702411651611e-01,0.000000000000000000e+00,0.000000000000000000e+00,1.921812593936920166e-01,0.000000000000000000e+00,0.000000000000000000e+00,0.000000000000000000e+00,2.556278109550476074e-01,0.000000000000000000e+00,2.837165296077728271e-01
2.681040465831756592e-01,0.000000000000000000e+00,0.000000000000000000e+00,1.919161677360534668e-01,0.000000000000000000e+00,0.000000000000000000e+00,0.000000000000000000e+00,2.552752196788787842e-01,0.000000000000000000e+00,2.847045063972473145e-01
1.783942878246307373e-01,1.945850253105163574e-01,1.872834265232086182e-01,0.000000000000000000e+00,0.000000000000000000e+00,3.370320200920104980e-01,0.000000000000000000e+00,1.027051955461502075e-01,0.000000000000000000e+00,0.000000000000000000e+00
1.000000000000000000e+00,0.000000000000000000e+00,0.000000000000000000e+00,0.000000000000000000e+00,0.000000000000000000e+00,0.000000000000000000e+00,0.000000000000000000e+00,0.000000000000000000e+00,0.000000000000000000e+00,0.000000000000000000e+00
1.550416797399520874e-01,0.000000000000000000e+00,2.632396817207336426e-01,1.537937074899673462e-01,2.024255543947219849e-01,9.928419440984725952e-02,1.262152343988418579e-01,0.000000000000000000e+00,0.000000000000000000e+00,0.000000000000000000e+00
3.655034303665161133e-01,0.000000000000000000e+00,0.000000000000000000e+00,0.000000000000000000e+00,0.000000000000000000e+00,6.344965696334838867e-01,0.000000000000000000e+00,0.000000000000000000e+00,0.000000000000000000e+00,0.000000000000000000e+00
1.000000000000000000e+00,0.000000000000000000e+00,0.000000000000000000e+00,0.000000000000000000e+00,0.000000000000000000e+00,0.000000000000000000e+00,0.000000000000000000e+00,0.000000000000000000e+00,0.000000000000000000e+00,0.000000000000000000e+00
1.000000000000000000e+00,0.000000000000000000e+00,0.000000000000000000e+00,0.000000000000000000e+00,0.000000000000000000e+00,0.000000000000000000e+00,0.000000000000000000e+00,0.000000000000000000e+00,0.000000000000000000e+00,0.000000000000000000e+00
3.603816032409667969e-01,0.000000000000000000e+00,0.000000000000000000e+00,0.000000000000000000e+00,0.000000000000000000e+00,0.000000000000000000e+00,0.000000000000000000e+00,0.000000000000000000e+00,0.000000000000000000e+00,6.396183967590332031e-01
4.432446360588073730e-01,0.000000000000000000e+00,0.000000000000000000e+00,0.000000000000000000e+00,0.000000000000000000e+00,0.000000000000000000e+00,5.567553639411926270e-01,0.000000000000000000e+00,0.000000000000000000e+00,0.000000000000000000e+00
1.500927060842514038e-01,0.000000000000000000e+00,0.000000000000000000e+00,0.000000000000000000e+00,2.169229090213775635e-01,1.608344614505767822e-01,3.617233037948608398e-01,1.104266196489334106e-01,0.000000000000000000e+00,0.000000000000000000e+00
1.000000000000000000e+00,0.000000000000000000e+00,0.000000000000000000e+00,0.000000000000000000e+00,0.000000000000000000e+00,0.000000000000000000e+00,0.000000000000000000e+00,0.000000000000000000e+00,0.000000000000000000e+00,0.000000000000000000e+00
1.546254456043243408e-01,0.000000000000000000e+00,2.625329792499542236e-01,1.533808261156082153e-01,2.018821239471435547e-01,9.901765733957290649e-02,1.285609453916549683e-01,0.000000000000000000e+00,0.000000000000000000e+00,0.000000000000000000e+00
4.430593848228454590e-01,2.444308698177337646e-01,0.000000000000000000e+00,0.000000000000000000e+00,0.000000000000000000e+00,0.000000000000000000e+00,9.444100409746170044e-02,0.000000000000000000e+00,9.591840207576751709e-02,1.221502870321273804e-01
4.216285049915313721e-01,2.326076924800872803e-01,0.000000000000000000e+00,0.000000000000000000e+00,0.000000000000000000e+00,0.000000000000000000e+00,8.987287431955337524e-02,0.000000000000000000e+00,9.127880632877349854e-02,1.646120101213455200e-01
4.082120656967163086e-01,2.252060025930404663e-01,0.000000000000000000e+00,0.000000000000000000e+00,0.000000000000000000e+00,0.000000000000000000e+00,8.701307326555252075e-02,0.000000000000000000e+00,8.837427198886871338e-02,1.911945790052413940e-01
4.014008641242980957e-01,2.214483320713043213e-01,0.000000000000000000e+00,0.000000000000000000e+00,0.000000000000000000e+00,0.000000000000000000e+00,8.556121587753295898e-02,0.000000000000000000e+00,8.689970523118972778e-02,2.046898007392883301e-01
3.955989778041839600e-01,2.182475030422210693e-01,0.000000000000000000e+00,0.000000000000000000e+00,0.000000000000000000e+00,0.000000000000000000e+00,8.432450890541076660e-02,0.000000000000000000e+00,8.564364910125732422e-02,2.161854207515716553e-01
3.962704539299011230e-01,2.186179459095001221e-01,0.000000000000000000e+00,0.000000000000000000e+00,0.000000000000000000e+00,0.000000000000000000e+00,8.446763455867767334e-02,0.000000000000000000e+00,8.578901737928390503e-02,2.148549407720565796e-01
1.412805169820785522e-01,2.728354930877685547e-01,2.462010979652404785e-01,0.000000000000000000e+00,3.396828174591064453e-01,0.000000000000000000e+00,0.000000000000000000e+00,0.000000000000000000e+00,0.000000000000000000e+00,0.000000000000000000e+00
1.231176555156707764e-01,2.270284146070480347e-01,1.647727042436599731e-01,0.000000000000000000e+00,0.000000000000000000e+00,0.000000000000000000e+00,0.000000000000000000e+00,1.656777858734130859e-01,1.584866344928741455e-01,1.609168499708175659e-01
5.144954919815063477e-01,4.855045378208160400e-01,0.000000000000000000e+00,0.000000000000000000e+00,0.000000000000000000e+00,0.000000000000000000e+00,0.000000000000000000e+00,0.000000000000000000e+00,0.000000000000000000e+00,0.000000000000000000e+00
5.594178438186645508e-01,0.000000000000000000e+00,0.000000000000000000e+00,4.405821859836578369e-01,0.000000000000000000e+00,0.000000000000000000e+00,0.000000000000000000e+00,0.000000000000000000e+00,0.000000000000000000e+00,0.000000000000000000e+00
1.028899699449539185e-01,0.000000000000000000e+00,1.120166704058647156e-01,1.666428446769714355e-01,9.874162822961807251e-02,9.490676969289779663e-02,1.010364294052124023e-01,1.329994499683380127e-01,9.290965646505355835e-02,9.785661101341247559e-02
4.488557279109954834e-01,0.000000000000000000e+00,0.000000000000000000e+00,0.000000000000000000e+00,0.000000000000000000e+00,5.511442422866821289e-01,0.000000000000000000e+00,0.000000000000000000e+00,0.000000000000000000e+00,0.000000000000000000e+00
3.970407843589782715e-01,0.000000000000000000e+00,0.000000000000000000e+00,3.273554444313049316e-01,0.000000000000000000e+00,0.000000000000000000e+00,0.000000000000000000e+00,2.756036818027496338e-01,0.000000000000000000e+00,0.000000000000000000e+00
1.501531451940536499e-01,0.000000000000000000e+00,2.549396157264709473e-01,1.489445269107818604e-01,1.960429847240447998e-01,9.615372121334075928e-02,1.537659615278244019e-01,0.000000000000000000e+00,0.000000000000000000e+00,0.000000000000000000e+00
1.000000000000000000e+00,0.000000000000000000e+00,0.000000000000000000e+00,0.000000000000000000e+00,0.000000000000000000e+00,0.000000000000000000e+00,0.000000000000000000e+00,0.000000000000000000e+00,0.000000000000000000e+00,0.000000000000000000e+00
1.469153910875320435e-01,1.381882280111312866e-01,1.259604692459106445e-01,6.609478592872619629e-02,1.043459177017211914e-01,1.200711280107498169e-01,1.821640580892562866e-01,1.162600964307785034e-01,0.000000000000000000e+00,0.000000000000000000e+00
6.859019398689270020e-02,5.977849289774894714e-02,7.918167114257812500e-02,8.302403986454010010e-02,1.907974630594253540e-01,1.131227314472198486e-01,9.224440157413482666e-02,8.604634553194046021e-02,1.246532574295997620e-01,1.025614440441131592e-01
1.514316201210021973e-01,0.000000000000000000e+00,2.571102976799011230e-01,1.502127200365066528e-01,1.977121978998184204e-01,9.697242081165313721e-02,1.465608030557632446e-01,0.000000000000000000e+00,0.000000000000000000e+00,0.000000000000000000e+00
1.766952425241470337e-01,1.435706019401550293e-01,1.782261878252029419e-01,2.566953301429748535e-01,9.616033732891082764e-02,0.000000000000000000e+00,6.000252813100814819e-02,8.864983916282653809e-02,0.000000000000000000e+00,0.000000000000000000e+00
1.010070964694023132e-01,9.625142067670822144e-02,1.191506534814834595e-01,1.010274812579154968e-01,1.082395687699317932e-01,1.085383594036102295e-01,1.167426034808158875e-01,1.252819895744323730e-01,1.237608790397644043e-01,0.000000000000000000e+00
1.657530963420867920e-01,3.414345979690551758e-01,1.847064793109893799e-01,0.000000000000000000e+00,1.260966062545776367e-01,1.820093244314193726e-01,0.000000000000000000e+00,0.000000000000000000e+00,0.000000000000000000e+00,0.000000000000000000e+00
1.578759849071502686e-01,1.282793432474136353e-01,1.592438668012619019e-01,2.293555140495300293e-01,8.591860532760620117e-02,0.000000000000000000e+00,5.361184850335121155e-02,7.920802384614944458e-02,1.065067872405052185e-01,0.000000000000000000e+00
1.521050482988357544e-01,0.000000000000000000e+00,2.582536935806274414e-01,1.508807241916656494e-01,1.985914409160614014e-01,9.740366786718368530e-02,1.427653878927230835e-01,0.000000000000000000e+00,0.000000000000000000e+00,0.000000000000000000e+00
8.278113603591918945e-02,7.888358831405639648e-02,9.765082597732543945e-02,8.279784023761749268e-02,8.870856463909149170e-02,8.895343542098999023e-02,9.567730128765106201e-02,1.026758030056953430e-01,1.014291793107986450e-01,1.804423481225967407e-01
2.376023977994918823e-01,2.309568226337432861e-01,0.000000000000000000e+00,0.000000000000000000e+00,2.303389012813568115e-01,0.000000000000000000e+00,0.000000000000000000e+00,1.363540440797805786e-01,1.647478193044662476e-01,0.000000000000000000e+00
3.666541576385498047e-01,0.000000000000000000e+00,0.000000000000000000e+00,0.000000000000000000e+00,0.000000000000000000e+00,0.000000000000000000e+00,0.000000000000000000e+00,0.000000000000000000e+00,0.000000000000000000e+00,6.333458423614501953e-01
4.992951452732086182e-01,0.000000000000000000e+00,0.000000000000000000e+00,0.000000000000000000e+00,0.000000000000000000e+00,5.007048845291137695e-01,0.000000000000000000e+00,0.000000000000000000e+00,0.000000000000000000e+00,0.000000000000000000e+00
1.356102973222732544e-01,1.516203731298446655e-01,1.777199804782867432e-01,1.731726676225662231e-01,1.500501483678817749e-01,1.288594901561737061e-01,8.296708762645721436e-02,0.000000000000000000e+00,0.000000000000000000e+00,0.000000000000000000e+00
8.857060223817825317e-02,8.440046757459640503e-02,1.044802293181419373e-01,8.858847618103027344e-02,9.491256624460220337e-02,9.517456591129302979e-02,1.023686751723289490e-01,1.098566502332687378e-01,1.085228249430656433e-01,1.231249868869781494e-01
1.528293341398239136e-01,0.000000000000000000e+00,2.594834268093109131e-01,1.515991836786270142e-01,1.995370835065841675e-01,9.786747395992279053e-02,1.386836022138595581e-01,0.000000000000000000e+00,0.000000000000000000e+00,0.000000000000000000e+00
1.533057987689971924e-01,0.000000000000000000e+00,2.602924108505249023e-01,1.520718187093734741e-01,2.001591622829437256e-01,9.817259758710861206e-02,1.359982639551162720e-01,0.000000000000000000e+00,0.000000000000000000e+00,0.000000000000000000e+00
1.550088822841644287e-01,0.000000000000000000e+00,2.631840109825134277e-01,1.537611931562423706e-01,2.023827433586120605e-01,9.926319867372512817e-02,1.263999789953231812e-01,0.000000000000000000e+00,0.000000000000000000e+00,0.000000000000000000e+00
2.266572713851928711e-01,2.929635643959045410e-01,2.096865177154541016e-01,0.000000000000000000e+00,0.000000000000000000e+00,0.000000000000000000e+00,2.706926465034484863e-01,0.000000000000000000e+00,0.000000000000000000e+00,0.000000000000000000e+00
8.913841843605041504e-02,8.494155108928680420e-02,1.051500439643859863e-01,8.915640413761138916e-02,9.552104771137237549e-02,9.578472375869750977e-02,1.030249521136283875e-01,1.105609238147735596e-01,1.092185527086257935e-01,1.175033748149871826e-01
8.932657539844512939e-02,8.512084186077117920e-02,1.053719893097877502e-01,8.934459090232849121e-02,9.572267532348632812e-02,9.598690271377563477e-02,1.032424196600914001e-01,1.107942909002304077e-01,1.094490885734558105e-01,1.156406477093696594e-01
8.915322273969650269e-02,8.495565503835678101e-02,1.051675006747245789e-01,8.917120844125747681e-02,9.553690999746322632e-02,9.580061584711074829e-02,1.030420511960983276e-01,1.105792820453643799e-01,1.092366874217987061e-01,1.173568964004516602e-01
1.000000000000000000e+00,0.000000000000000000e+00,0.000000000000000000e+00,0.000000000000000000e+00,0.000000000000000000e+00,0.000000000000000000e+00,0.000000000000000000e+00,0.000000000000000000e+00,0.000000000000000000e+00,0.000000000000000000e+00
1.385529488325119019e-01,0.000000000000000000e+00,0.000000000000000000e+00,1.385411173105239868e-01,0.000000000000000000e+00,1.789779067039489746e-01,0.000000000000000000e+00,1.682751476764678955e-01,1.493637412786483765e-01,2.262891381978988647e-01
1.564776152372360229e-01,0.000000000000000000e+00,2.656777203083038330e-01,1.552180945873260498e-01,2.043003588914871216e-01,1.002037301659584045e-01,1.181225180625915527e-01,0.000000000000000000e+00,0.000000000000000000e+00,0.000000000000000000e+00
1.092823594808578491e-01,2.110418677330017090e-01,1.904398053884506226e-01,0.000000000000000000e+00,2.627491652965545654e-01,0.000000000000000000e+00,2.264868468046188354e-01,0.000000000000000000e+00,0.000000000000000000e+00,0.000000000000000000e+00
1.572556048631668091e-01,0.000000000000000000e+00,2.669986486434936523e-01,1.559898257255554199e-01,2.053161114454269409e-01,1.007019355893135071e-01,1.137378588318824768e-01,0.000000000000000000e+00,0.000000000000000000e+00,0.000000000000000000e+00
1.000000000000000000e+00,0.000000000000000000e+00,0.000000000000000000e+00,0.000000000000000000e+00,0.000000000000000000e+00,0.000000000000000000e+00,0.000000000000000000e+00,0.000000000000000000e+00,0.000000000000000000e+00,0.000000000000000000e+00
8.897063136100769043e-02,8.478166908025741577e-02,1.049521118402481079e-01,8.898857980966567993e-02,9.534124284982681274e-02,9.560442715883255005e-02,1.028310209512710571e-01,1.103528141975402832e-01,1.090129688382148743e-01,1.191645041108131409e-01
1.000000000000000000e+00,0.000000000000000000e+00,0.000000000000000000e+00,0.000000000000000000e+00,0.000000000000000000e+00,0.000000000000000000e+00,0.000000000000000000e+00,0.000000000000000000e+00,0.000000000000000000e+00,0.000000000000000000e+00
2.916103005409240723e-01,0.000000000000000000e+00,0.000000000000000000e+00,0.000000000000000000e+00,0.000000000000000000e+00,0.000000000000000000e+00,0.000000000000000000e+00,7.083896994590759277e-01,0.000000000000000000e+00,0.000000000000000000e+00
6.094325780868530273e-01,0.000000000000000000e+00,0.000000000000000000e+00,0.000000000000000000e+00,0.000000000000000000e+00,0.000000000000000000e+00,0.000000000000000000e+00,3.905674517154693604e-01,0.000000000000000000e+00,0.000000000000000000e+00
4.428019225597381592e-01,0.000000000000000000e+00,0.000000000000000000e+00,0.000000000000000000e+00,0.000000000000000000e+00,0.000000000000000000e+00,0.000000000000000000e+00,2.837787568569183350e-01,0.000000000000000000e+00,2.734193503856658936e-01
2.357421219348907471e-01,2.291485816240310669e-01,0.000000000000000000e+00,0.000000000000000000e+00,2.285354882478713989e-01,0.000000000000000000e+00,0.000000000000000000e+00,1.352864801883697510e-01,1.712873131036758423e-01,0.000000000000000000e+00
8.929513394832611084e-02,8.509088307619094849e-02,1.053348928689956665e-01,8.931314200162887573e-02,9.568898379802703857e-02,9.595311433076858521e-02,1.032060757279396057e-01,1.107552945613861084e-01,1.094105690717697144e-01,1.159519627690315247e-01
1.000000000000000000e+00,0.000000000000000000e+00,0.000000000000000000e+00,0.000000000000000000e+00,0.000000000000000000e+00,0.000000000000000000e+00,0.000000000000000000e+00,0.000000000000000000e+00,0.000000000000000000e+00,0.000000000000000000e+00
1.570280194282531738e-01,0.000000000000000000e+00,2.666122317314147949e-01,1.557640731334686279e-01,2.050189673900604248e-01,1.005561947822570801e-01,1.150205656886100769e-01,0.000000000000000000e+00,0.000000000000000000e+00,0.000000000000000000e+00
8.929513394832611084e-02,8.509088307619094849e-02,1.053348928689956665e-01,8.931314200162887573e-02,9.568898379802703857e-02,9.595311433076858521e-02,1.032060757279396057e-01,1.107552945613861084e-01,1.094105690717697144e-01,1.159519627690315247e-01
3.468536138534545898e-01,0.000000000000000000e+00,0.000000000000000000e+00,0.000000000000000000e+00,0.000000000000000000e+00,0.000000000000000000e+00,0.000000000000000000e+00,0.000000000000000000e+00,6.531463265419006348e-01,0.000000000000000000e+00
2.630728483200073242e-01,0.000000000000000000e+00,2.868896722793579102e-01,0.000000000000000000e+00,0.000000000000000000e+00,4.500374495983123779e-01,0.000000000000000000e+00,0.000000000000000000e+00,0.000000000000000000e+00,0.000000000000000000e+00
2.182640880346298218e-01,0.000000000000000000e+00,0.000000000000000000e+00,0.000000000000000000e+00,0.000000000000000000e+00,0.000000000000000000e+00,0.000000000000000000e+00,0.000000000000000000e+00,4.110044836997985840e-01,3.707314431667327881e-01
1.000000000000000000e+00,0.000000000000000000e+00,0.000000000000000000e+00,0.000000000000000000e+00,0.000000000000000000e+00,0.000000000000000000e+00,0.000000000000000000e+00,0.000000000000000000e+00,0.000000000000000000e+00,0.000000000000000000e+00
8.901434391736984253e-02,8.482332527637481689e-02,1.050036773085594177e-01,8.903229981660842896e-02,9.538808465003967285e-02,9.565139561891555786e-02,1.028815582394599915e-01,1.104070320725440979e-01,1.090665310621261597e-01,1.187317743897438049e-01
1.444590240716934204e-01,0.000000000000000000e+00,2.190451920032501221e-01,1.878404468297958374e-01,0.000000000000000000e+00,0.000000000000000000e+00,4.486553072929382324e-01,0.000000000000000000e+00,0.000000000000000000e+00,0.000000000000000000e+00
1.073755398392677307e-01,0.000000000000000000e+00,1.628150045871734619e-01,1.396206915378570557e-01,0.000000000000000000e+00,0.000000000000000000e+00,3.334828317165374756e-01,0.000000000000000000e+00,2.567059397697448730e-01,0.000000000000000000e+00
2.822860777378082275e-01,0.000000000000000000e+00,0.000000000000000000e+00,1.891492456197738647e-01,1.804015189409255981e-01,3.481631577014923096e-01,0.000000000000000000e+00,0.000000000000000000e+00,0.000000000000000000e+00,0.000000000000000000e+00
1.441288888454437256e-01,0.000000000000000000e+00,2.447112649679183960e-01,1.429687738418579102e-01,1.881776154041290283e-01,9.229596704244613647e-02,1.055721566081047058e-01,8.214538544416427612e-02,0.000000000000000000e+00,0.000000000000000000e+00
8.941648900508880615e-02,8.520652353763580322e-02,1.054780557751655579e-01,8.943452686071395874e-02,9.581902623176574707e-02,9.608351439237594604e-02,1.033463329076766968e-01,1.109058111906051636e-01,1.095592603087425232e-01,1.147504523396492004e-01
1.103710830211639404e-01,1.135107502341270447e-01,1.058878228068351746e-01,8.968375623226165771e-02,8.954703807830810547e-02,1.467182040214538574e-01,7.873941957950592041e-02,6.364720314741134644e-02,7.051035761833190918e-02,1.313843876123428345e-01
1.575002521276473999e-01,1.279740482568740845e-01,1.588648855686187744e-01,2.288096696138381958e-01,8.571412414312362671e-02,0.000000000000000000e+00,5.348425731062889099e-02,7.901951670646667480e-02,1.086332798004150391e-01,0.000000000000000000e+00
1.089717224240303040e-01,0.000000000000000000e+00,1.652353256940841675e-01,1.416962146759033203e-01,0.000000000000000000e+00,0.000000000000000000e+00,3.384402096271514893e-01,0.000000000000000000e+00,2.456565052270889282e-01,0.000000000000000000e+00
6.881309300661087036e-02,5.997275561094284058e-02,7.943899184465408325e-02,8.329384028911590576e-02,1.914175003767013550e-01,1.134903505444526672e-01,9.254417568445205688e-02,8.632597327232360840e-02,1.250583380460739136e-01,9.964500367641448975e-02
1.158550679683685303e-01,1.295328587293624878e-01,1.518303602933883667e-01,1.479454785585403442e-01,1.281913667917251587e-01,1.100876927375793457e-01,7.088073343038558960e-02,1.456764787435531616e-01,0.000000000000000000e+00,0.000000000000000000e+00
1.496495306491851807e-01,0.000000000000000000e+00,1.753609180450439453e-01,1.052931994199752808e-01,0.000000000000000000e+00,0.000000000000000000e+00,4.061555266380310059e-01,0.000000000000000000e+00,0.000000000000000000e+00,1.635408550500869751e-01
8.933124691247940063e-02,8.512528985738754272e-02,1.053775027394294739e-01,8.934926241636276245e-02,9.572768211364746094e-02,9.599191695451736450e-02,1.032478138804435730e-01,1.108000874519348145e-01,1.094548106193542480e-01,1.155944243073463440e-01
1.451359242200851440e-01,0.000000000000000000e+00,0.000000000000000000e+00,1.451235413551330566e-01,0.000000000000000000e+00,1.874815374612808228e-01,0.000000000000000000e+00,1.762702763080596924e-01,1.564603596925735474e-01,1.895283609628677368e-01
1.457000821828842163e-01,0.000000000000000000e+00,0.000000000000000000e+00,1.456876397132873535e-01,0.000000000000000000e+00,1.882103234529495239e-01,0.000000000000000000e+00,1.769554913043975830e-01,1.570685356855392456e-01,1.863778829574584961e-01
2.496625930070877075e-01,2.284263223409652710e-01,1.366976201534271240e-01,0.000000000000000000e+00,0.000000000000000000e+00,0.000000000000000000e+00,1.392216980457305908e-01,2.459918111562728882e-01,0.000000000000000000e+00,0.000000000000000000e+00
1.378042846918106079e-01,1.918920874595642090e-01,2.253473997116088867e-01,0.000000000000000000e+00,0.000000000000000000e+00,1.704824864864349365e-01,0.000000000000000000e+00,2.744737863540649414e-01,0.000000000000000000e+00,0.000000000000000000e+00
1.412179023027420044e-01,2.908945679664611816e-01,1.573657393455505371e-01,0.000000000000000000e+00,1.074314564466476440e-01,1.550678312778472900e-01,0.000000000000000000e+00,0.000000000000000000e+00,0.000000000000000000e+00,1.480225622653961182e-01
1.436194777488708496e-01,2.958415746688842773e-01,1.600419431924819946e-01,0.000000000000000000e+00,1.092584580183029175e-01,1.577049493789672852e-01,0.000000000000000000e+00,0.000000000000000000e+00,0.000000000000000000e+00,1.335336118936538696e-01
1.000000000000000000e+00,0.000000000000000000e+00,0.000000000000000000e+00,0.000000000000000000e+00,0.000000000000000000e+00,0.000000000000000000e+00,0.000000000000000000e+00,0.000000000000000000e+00,0.000000000000000000e+00,0.000000000000000000e+00
1.079284027218818665e-01,1.206703707575798035e-01,1.414423137903213501e-01,1.378232389688491821e-01,1.194206774234771729e-01,1.025556325912475586e-01,6.603115797042846680e-02,1.357094794511795044e-01,6.841869652271270752e-02,0.000000000000000000e+00
2.714827954769134521e-01,0.000000000000000000e+00,0.000000000000000000e+00,0.000000000000000000e+00,0.000000000000000000e+00,0.000000000000000000e+00,0.000000000000000000e+00,0.000000000000000000e+00,3.587917089462280273e-01,3.697254657745361328e-01
8.927388489246368408e-02,8.507063984870910645e-02,1.053098365664482117e-01,8.929189294576644897e-02,9.566620737314224243e-02,9.593029320240020752e-02,1.031815186142921448e-01,1.107289493083953857e-01,1.093845367431640625e-01,1.161622181534767151e-01
5.143631100654602051e-01,0.000000000000000000e+00,0.000000000000000000e+00,0.000000000000000000e+00,0.000000000000000000e+00,0.000000000000000000e+00,0.000000000000000000e+00,0.000000000000000000e+00,4.856368303298950195e-01,0.000000000000000000e+00
1.432200670242309570e-01,2.950188219547271729e-01,1.595968455076217651e-01,0.000000000000000000e+00,1.089546009898185730e-01,1.572663635015487671e-01,0.000000000000000000e+00,0.000000000000000000e+00,0.000000000000000000e+00,1.359432935714721680e-01
1.422514170408248901e-01,2.930235266685485840e-01,1.585174500942230225e-01,0.000000000000000000e+00,1.082177162170410156e-01,1.562027186155319214e-01,0.000000000000000000e+00,0.000000000000000000e+00,0.000000000000000000e+00,1.417872756719589233e-01
1.413933485746383667e-01,2.912559807300567627e-01,1.575612574815750122e-01,0.000000000000000000e+00,1.075649335980415344e-01,1.552604883909225464e-01,0.000000000000000000e+00,0.000000000000000000e+00,0.000000000000000000e+00,1.469639241695404053e-01
1.000000000000000000e+00,0.000000000000000000e+00,0.000000000000000000e+00,0.000000000000000000e+00,0.000000000000000000e+00,0.000000000000000000e+00,0.000000000000000000e+00,0.000000000000000000e+00,0.000000000000000000e+00,0.000000000000000000e+00
8.920334279537200928e-02,8.500341325998306274e-02,1.052266135811805725e-01,8.922132849693298340e-02,9.559061378240585327e-02,9.585447609424591064e-02,1.030999794602394104e-01,1.106414422392845154e-01,1.092981025576591492e-01,1.168606653809547424e-01
1.040152981877326965e-01,1.162952855229377747e-01,1.363141089677810669e-01,1.328262388706207275e-01,1.150908991694450378e-01,9.883731603622436523e-02,6.363710016012191772e-02,1.307891309261322021e-01,1.021946072578430176e-01,0.000000000000000000e+00
8.946510404348373413e-02,8.525285124778747559e-02,1.055354103446006775e-01,8.948315680027008057e-02,9.587112814188003540e-02,9.613577276468276978e-02,1.034025326371192932e-01,1.109661236405372620e-01,1.096188351511955261e-01,1.142691373825073242e-01
1.727763116359710693e-01,0.000000000000000000e+00,1.636697202920913696e-01,1.227567493915557861e-01,1.247639805078506470e-01,1.479291021823883057e-01,1.258598864078521729e-01,1.422442942857742310e-01,0.000000000000000000e+00,0.000000000000000000e+00
1.023587659001350403e-01,1.144431829452514648e-01,1.341431885957717896e-01,1.307108700275421143e-01,1.132579743862152100e-01,9.726324677467346191e-02,6.262362748384475708e-02,1.287061870098114014e-01,1.164930090308189392e-01,0.000000000000000000e+00
1.180470883846282959e-01,1.211415827274322510e-01,1.096078231930732727e-01,1.080976426601409912e-01,1.294963657855987549e-01,1.592393517494201660e-01,1.075214743614196777e-01,1.468487083911895752e-01,0.000000000000000000e+00,0.000000000000000000e+00
1.407336741685867310e-01,2.898971140384674072e-01,1.568261533975601196e-01,0.000000000000000000e+00,1.070630848407745361e-01,1.545361131429672241e-01,0.000000000000000000e+00,0.000000000000000000e+00,0.000000000000000000e+00,1.509438157081604004e-01
1.404651403427124023e-01,2.893439531326293945e-01,1.565269082784652710e-01,0.000000000000000000e+00,1.068587973713874817e-01,1.542412489652633667e-01,0.000000000000000000e+00,0.000000000000000000e+00,0.000000000000000000e+00,1.525638848543167114e-01
1.500815898180007935e-01,0.000000000000000000e+00,0.000000000000000000e+00,0.000000000000000000e+00,2.169068306684494019e-01,1.608225405216217041e-01,3.616964817047119141e-01,1.104925945401191711e-01,0.000000000000000000e+00,0.000000000000000000e+00
2.493323385715484619e-01,1.409317553043365479e-01,0.000000000000000000e+00,4.254011809825897217e-02,1.899034678936004639e-01,1.666031926870346069e-01,0.000000000000000000e+00,2.106891423463821411e-01,0.000000000000000000e+00,0.000000000000000000e+00
3.721562027931213379e-01,6.278437376022338867e-01,0.000000000000000000e+00,0.000000000000000000e+00,0.000000000000000000e+00,0.000000000000000000e+00,0.000000000000000000e+00,0.000000000000000000e+00,0.000000000000000000e+00,0.000000000000000000e+00
1.025853380560874939e-01,1.146965101361274719e-01,1.344401240348815918e-01,1.310002058744430542e-01,1.135086789727210999e-01,9.747854620218276978e-02,6.276224553585052490e-02,1.289910972118377686e-01,1.145372465252876282e-01,0.000000000000000000e+00
8.946598321199417114e-02,8.525369316339492798e-02,1.055364459753036499e-01,8.948403596878051758e-02,9.587207436561584473e-02,9.613671898841857910e-02,1.034035533666610718e-01,1.109672114253044128e-01,1.096199154853820801e-01,1.142604053020477295e-01
1.557889431715011597e-01,0.000000000000000000e+00,1.475777029991149902e-01,1.106873005628585815e-01,1.124971881508827209e-01,1.333847045898437500e-01,1.134853363037109375e-01,1.282588243484497070e-01,0.000000000000000000e+00,9.831993281841278076e-02
4.529373049736022949e-01,0.000000000000000000e+00,0.000000000000000000e+00,0.000000000000000000e+00,5.470626354217529297e-01,0.000000000000000000e+00,0.000000000000000000e+00,0.000000000000000000e+00,0.000000000000000000e+00,0.000000000000000000e+00
3.127530217170715332e-01,0.000000000000000000e+00,0.000000000000000000e+00,0.000000000000000000e+00,3.777465224266052246e-01,0.000000000000000000e+00,0.000000000000000000e+00,0.000000000000000000e+00,0.000000000000000000e+00,3.095004558563232422e-01
9.148613363504409790e-02,1.766745001077651978e-01,1.594274044036865234e-01,0.000000000000000000e+00,2.199614495038986206e-01,0.000000000000000000e+00,1.896043121814727783e-01,1.628463119268417358e-01,0.000000000000000000e+00,0.000000000000000000e+00
1.031886413693428040e-01,1.153710409998893738e-01,1.352307647466659546e-01,1.317706257104873657e-01,1.141762286424636841e-01,9.805181622505187988e-02,6.313135474920272827e-02,1.297496855258941650e-01,1.093298867344856262e-01,0.000000000000000000e+00
1.143947318196296692e-01,1.592943370342254639e-01,1.870664209127426147e-01,0.000000000000000000e+00,0.000000000000000000e+00,1.415217071771621704e-01,0.000000000000000000e+00,2.278474420309066772e-01,0.000000000000000000e+00,1.698753833770751953e-01
1.000000000000000000e+00,0.000000000000000000e+00,0.000000000000000000e+00,0.000000000000000000e+00,0.000000000000000000e+00,0.000000000000000000e+00,0.000000000000000000e+00,0.000000000000000000e+00,0.000000000000000000e+00,0.000000000000000000e+00
8.982740342617034912e-02,8.559808880090713501e-02,1.059627830982208252e-01,8.984552323818206787e-02,9.625937044620513916e-02,9.652508050203323364e-02,1.038212627172470093e-01,1.114154905080795288e-01,1.100627407431602478e-01,1.106821820139884949e-01
2.319980114698410034e-01,3.913907408714294434e-01,0.000000000000000000e+00,0.000000000000000000e+00,0.000000000000000000e+00,0.000000000000000000e+00,0.000000000000000000e+00,0.000000000000000000e+00,0.000000000000000000e+00,3.766112327575683594e-01
9.009514749050140381e-02,8.585323393344879150e-02,1.062786281108856201e-01,9.011332690715789795e-02,9.654628485441207886e-02,9.681279212236404419e-02,1.041307225823402405e-01,1.117475852370262146e-01,1.103908047080039978e-01,1.080314517021179199e-01
1.000000000000000000e+00,0.000000000000000000e+00,0.000000000000000000e+00,0.000000000000000000e+00,0.000000000000000000e+00,0.000000000000000000e+00,0.000000000000000000e+00,0.000000000000000000e+00,0.000000000000000000e+00,0.000000000000000000e+00
1.345458626747131348e-01,1.168268918991088867e-01,2.037561088800430298e-01,1.945374310016632080e-01,2.077001482248306274e-01,0.000000000000000000e+00,0.000000000000000000e+00,0.000000000000000000e+00,1.426335126161575317e-01,0.000000000000000000e+00
5.188269019126892090e-01,0.000000000000000000e+00,4.811730980873107910e-01,0.000000000000000000e+00,0.000000000000000000e+00,0.000000000000000000e+00,0.000000000000000000e+00,0.000000000000000000e+00,0.000000000000000000e+00,0.000000000000000000e+00
1.112209483981132507e-01,0.000000000000000000e+00,1.686458438634872437e-01,1.446208804845809937e-01,0.000000000000000000e+00,0.000000000000000000e+00,3.454257547855377197e-01,0.000000000000000000e+00,2.300865352153778076e-01,0.000000000000000000e+00
1.366055756807327271e-01,2.259725183248519897e-01,0.000000000000000000e+00,1.704856902360916138e-01,0.000000000000000000e+00,0.000000000000000000e+00,1.526074111461639404e-01,1.314929425716400146e-01,1.828358173370361328e-01,0.000000000000000000e+00
5.776022672653198242e-01,0.000000000000000000e+00,0.000000000000000000e+00,4.223977029323577881e-01,0.000000000000000000e+00,0.000000000000000000e+00,0.000000000000000000e+00,0.000000000000000000e+00,0.000000000000000000e+00,0.000000000000000000e+00
2.785880565643310547e-01,3.552845120429992676e-01,0.000000000000000000e+00,3.661273717880249023e-01,0.000000000000000000e+00,0.000000000000000000e+00,0.000000000000000000e+00,0.000000000000000000e+00,0.000000000000000000e+00,0.000000000000000000e+00
4.843942821025848389e-01,5.156056880950927734e-01,0.000000000000000000e+00,0.000000000000000000e+00,0.000000000000000000e+00,0.000000000000000000e+00,0.000000000000000000e+00,0.000000000000000000e+00,0.000000000000000000e+00,0.000000000000000000e+00
9.014660120010375977e-02,8.590225875377655029e-02,1.063393130898475647e-01,9.016478806734085083e-02,9.660141915082931519e-02,9.686807543039321899e-02,1.041901856660842896e-01,1.118113994598388672e-01,1.104538440704345703e-01,1.075222119688987732e-01
1.026983410120010376e-01,1.148228496313095093e-01,1.345882117748260498e-01,1.311445087194442749e-01,1.136337146162986755e-01,9.758592396974563599e-02,6.283137947320938110e-02,1.291331797838211060e-01,1.135619059205055237e-01,0.000000000000000000e+00
9.030672907829284668e-02,8.605484664440155029e-02,1.065282076597213745e-01,9.032494574785232544e-02,9.677301347255706787e-02,9.704014658927917480e-02,1.043752580881118774e-01,1.120100095868110657e-01,1.106500402092933655e-01,1.059368327260017395e-01
1.368897706270217896e-01,0.000000000000000000e+00,8.105554431676864624e-02,1.675703227519989014e-01,1.750644296407699585e-01,0.000000000000000000e+00,1.128319203853607178e-01,6.581104546785354614e-02,2.607769668102264404e-01,0.000000000000000000e+00
9.029054641723632812e-02,8.603942394256591797e-02,1.065091192722320557e-01,9.030875563621520996e-02,9.675566852092742920e-02,9.702275693416595459e-02,1.043565571308135986e-01,1.119899377226829529e-01,1.106302142143249512e-01,1.060970425605773926e-01
9.003519266843795776e-02,8.579609543085098267e-02,1.062078997492790222e-01,9.005335718393325806e-02,9.648203849792480469e-02,9.674836695194244385e-02,1.040614247322082520e-01,1.116732209920883179e-01,1.103173419833183289e-01,1.086251586675643921e-01
9.003441035747528076e-02,8.579535037279129028e-02,1.062069684267044067e-01,9.005257487297058105e-02,9.648119658231735229e-02,9.674752503633499146e-02,1.040605157613754272e-01,1.116722449660301208e-01,1.103163808584213257e-01,1.086328402161598206e-01
5.986880064010620117e-01,4.013120234012603760e-01,0.000000000000000000e+00,0.000000000000000000e+00,0.000000000000000000e+00,0.000000000000000000e+00,0.000000000000000000e+00,0.000000000000000000e+00,0.000000000000000000e+00,0.000000000000000000e+00
1.518115997314453125e-01,0.000000000000000000e+00,0.000000000000000000e+00,3.500456809997558594e-01,0.000000000000000000e+00,0.000000000000000000e+00,1.772232502698898315e-01,2.006720155477523804e-01,0.000000000000000000e+00,1.202474609017372131e-01
8.993506431579589844e-02,8.570068329572677612e-02,1.060897856950759888e-01,8.995320647954940796e-02,9.637473523616790771e-02,9.664077311754226685e-02,1.039457023143768311e-01,1.115490272641181946e-01,1.101946607232093811e-01,1.096164211630821228e-01
1.019303351640701294e-01,1.139641776680946350e-01,1.335817277431488037e-01,1.301637738943099976e-01,1.127839311957359314e-01,9.685615450143814087e-02,6.236151233315467834e-02,1.281674951314926147e-01,1.201908588409423828e-01,0.000000000000000000e+00
8.993073552846908569e-02,8.569656312465667725e-02,1.060846820473670959e-01,8.994888514280319214e-02,9.637010097503662109e-02,9.663612395524978638e-02,1.039407029747962952e-01,1.115436628460884094e-01,1.101893559098243713e-01,1.096592098474502563e-01
2.519720792770385742e-01,0.000000000000000000e+00,0.000000000000000000e+00,0.000000000000000000e+00,0.000000000000000000e+00,3.655700087547302246e-01,0.000000000000000000e+00,0.000000000000000000e+00,1.585367321968078613e-01,2.239211946725845337e-01
8.999797701835632324e-02,8.576063066720962524e-02,1.061639934778213501e-01,9.001613408327102661e-02,9.644215553998947144e-02,9.670837223529815674e-02,1.040184125304222107e-01,1.116270571947097778e-01,1.102717444300651550e-01,1.089935451745986938e-01
1.000000000000000000e+00,0.000000000000000000e+00,0.000000000000000000e+00,0.000000000000000000e+00,0.000000000000000000e+00,0.000000000000000000e+00,0.000000000000000000e+00,0.000000000000000000e+00,0.000000000000000000e+00,0.000000000000000000e+00
1.148266941308975220e-01,1.150648444890975952e-01,1.463651061058044434e-01,0.000000000000000000e+00,1.507438421249389648e-01,1.530138850212097168e-01,1.094357147812843323e-01,9.282511472702026367e-02,1.177248209714889526e-01,0.000000000000000000e+00
3.055940866470336914e-01,2.048456072807312012e-01,0.000000000000000000e+00,0.000000000000000000e+00,0.000000000000000000e+00,0.000000000000000000e+00,0.000000000000000000e+00,0.000000000000000000e+00,0.000000000000000000e+00,4.895603060722351074e-01
1.609779894351959229e-01,0.000000000000000000e+00,0.000000000000000000e+00,0.000000000000000000e+00,2.350115031003952026e-01,0.000000000000000000e+00,1.653990298509597778e-01,1.930650323629379272e-01,2.455464750528335571e-01,0.000000000000000000e+00
1.414293646812438965e-01,0.000000000000000000e+00,0.000000000000000000e+00,0.000000000000000000e+00,2.064725011587142944e-01,0.000000000000000000e+00,1.453135311603546143e-01,1.696198731660842896e-01,2.157281488180160522e-01,1.214365661144256592e-01
1.400896310806274414e-01,0.000000000000000000e+00,0.000000000000000000e+00,0.000000000000000000e+00,2.045166194438934326e-01,0.000000000000000000e+00,1.439370065927505493e-01,1.680130809545516968e-01,2.136845886707305908e-01,1.297590285539627075e-01
9.712791442871093750e-02,0.000000000000000000e+00,1.472763866186141968e-01,1.262956708669662476e-01,0.000000000000000000e+00,0.000000000000000000e+00,3.016561567783355713e-01,0.000000000000000000e+00,2.009318023920059204e-01,1.267120540142059326e-01
8.999797701835632324e-02,8.576063066720962524e-02,1.061639934778213501e-01,9.001613408327102661e-02,9.644215553998947144e-02,9.670837223529815674e-02,1.040184125304222107e-01,1.116270571947097778e-01,1.102717444300651550e-01,1.089935451745986938e-01
2.453028559684753418e-01,0.000000000000000000e+00,0.000000000000000000e+00,0.000000000000000000e+00,0.000000000000000000e+00,3.558940589427947998e-01,0.000000000000000000e+00,0.000000000000000000e+00,1.543405652046203613e-01,2.444625496864318848e-01
2.346884757280349731e-01,2.281244099140167236e-01,0.000000000000000000e+00,0.000000000000000000e+00,2.275140583515167236e-01,0.000000000000000000e+00,0.000000000000000000e+00,1.346818208694458008e-01,1.749912798404693604e-01,0.000000000000000000e+00
8.999767154455184937e-02,8.576034754514694214e-02,1.061636433005332947e-01,9.001582860946655273e-02,9.644183516502380371e-02,9.670805186033248901e-02,1.040180623531341553e-01,1.116266846656799316e-01,1.102713719010353088e-01,1.089964359998703003e-01
2.506424486637115479e-01,0.000000000000000000e+00,0.000000000000000000e+00,0.000000000000000000e+00,0.000000000000000000e+00,3.636409342288970947e-01,0.000000000000000000e+00,0.000000000000000000e+00,1.577001512050628662e-01,2.280164659023284912e-01
2.540443241596221924e-01,0.000000000000000000e+00,0.000000000000000000e+00,0.000000000000000000e+00,0.000000000000000000e+00,3.685764968395233154e-01,0.000000000000000000e+00,0.000000000000000000e+00,1.598405539989471436e-01,2.175386548042297363e-01
9.461497515439987183e-02,1.057851612567901611e-01,1.239947974681854248e-01,1.208221465349197388e-01,1.046896278858184814e-01,8.990494906902313232e-02,5.788593366742134094e-02,1.189691275358200073e-01,1.115649715065956116e-01,7.176833599805831909e-02
7.489833980798721313e-02,1.446407884359359741e-01,1.305208504199981689e-01,0.000000000000000000e+00,1.800791770219802856e-01,0.000000000000000000e+00,1.552262455224990845e-01,1.333198696374893188e-01,1.813147664070129395e-01,0.000000000000000000e+00
9.438509494066238403e-02,1.055281534790992737e-01,1.236935406923294067e-01,1.205286011099815369e-01,1.044352725148200989e-01,8.968652039766311646e-02,5.774529650807380676e-02,1.186800822615623474e-01,1.112939119338989258e-01,7.402353733777999878e-02
1.988539099693298340e-01,0.000000000000000000e+00,0.000000000000000000e+00,5.242915153503417969e-01,2.768545150756835938e-01,0.000000000000000000e+00,0.000000000000000000e+00,0.000000000000000000e+00,0.000000000000000000e+00,0.000000000000000000e+00
1.561019867658615112e-01,0.000000000000000000e+00,0.000000000000000000e+00,4.115732312202453613e-01,2.173331081867218018e-01,0.000000000000000000e+00,0.000000000000000000e+00,0.000000000000000000e+00,0.000000000000000000e+00,2.149917036294937134e-01
1.511584222316741943e-01,0.000000000000000000e+00,0.000000000000000000e+00,3.985391855239868164e-01,2.104504257440567017e-01,0.000000000000000000e+00,0.000000000000000000e+00,0.000000000000000000e+00,0.000000000000000000e+00,2.398519814014434814e-01
2.078708410263061523e-01,0.000000000000000000e+00,2.266900688409805298e-01,0.000000000000000000e+00,0.000000000000000000e+00,3.556036651134490967e-01,0.000000000000000000e+00,0.000000000000000000e+00,2.098354697227478027e-01,0.000000000000000000e+00
4.795244932174682617e-01,0.000000000000000000e+00,0.000000000000000000e+00,0.000000000000000000e+00,0.000000000000000000e+00,0.000000000000000000e+00,0.000000000000000000e+00,3.073131740093231201e-01,0.000000000000000000e+00,2.131623178720474243e-01
5.107912421226501465e-01,0.000000000000000000e+00,0.000000000000000000e+00,0.000000000000000000e+00,0.000000000000000000e+00,0.000000000000000000e+00,0.000000000000000000e+00,3.273510932922363281e-01,0.000000000000000000e+00,1.618576794862747192e-01
4.944443404674530029e-01,0.000000000000000000e+00,0.000000000000000000e+00,0.000000000000000000e+00,0.000000000000000000e+00,0.000000000000000000e+00,0.000000000000000000e+00,3.168748617172241211e-01,0.000000000000000000e+00,1.886808872222900391e-01
4.892995357513427734e-01,0.000000000000000000e+00,0.000000000000000000e+00,0.000000000000000000e+00,0.000000000000000000e+00,0.000000000000000000e+00,0.000000000000000000e+00,3.135777115821838379e-01,0.000000000000000000e+00,1.971227377653121948e-01
4.797821044921875000e-01,0.000000000000000000e+00,0.000000000000000000e+00,0.000000000000000000e+00,0.000000000000000000e+00,0.000000000000000000e+00,0.000000000000000000e+00,3.074782490730285645e-01,0.000000000000000000e+00,2.127395868301391602e-01
4.775460958480834961e-01,0.000000000000000000e+00,0.000000000000000000e+00,0.000000000000000000e+00,0.000000000000000000e+00,0.000000000000000000e+00,0.000000000000000000e+00,3.060452640056610107e-01,0.000000000000000000e+00,2.164086401462554932e-01
9.007313847541809082e-02,8.583226054906845093e-02,1.062526628375053406e-01,9.009131044149398804e-02,9.652270376682281494e-02,9.678914397954940796e-02,1.041052863001823425e-01,1.117202863097190857e-01,1.103638410568237305e-01,1.082493141293525696e-01
9.089944511651992798e-02,1.016309857368469238e-01,1.191255226731300354e-01,1.160774603486061096e-01,1.005784645676612854e-01,8.637438714504241943e-02,5.561275407671928406e-02,1.142972111701965332e-01,1.071838140487670898e-01,1.082198470830917358e-01
1.561201661825180054e-01,0.000000000000000000e+00,0.000000000000000000e+00,4.116211533546447754e-01,2.173584103584289551e-01,0.000000000000000000e+00,0.000000000000000000e+00,0.000000000000000000e+00,0.000000000000000000e+00,2.149002104997634888e-01
1.425963491201400757e-01,0.000000000000000000e+00,2.421092242002487183e-01,1.414485722780227661e-01,1.861767023801803589e-01,9.131457656621932983e-02,1.044495999813079834e-01,9.190504252910614014e-02,0.000000000000000000e+00,0.000000000000000000e+00
9.005825966596603394e-02,8.581808209419250488e-02,1.062351092696189880e-01,9.007643163204193115e-02,9.650675952434539795e-02,9.677315503358840942e-02,1.040880903601646423e-01,1.117018312215805054e-01,1.103456094861030579e-01,1.083967089653015137e-01
9.003853052854537964e-02,8.579927682876586914e-02,1.062118336558341980e-01,9.005669504404067993e-02,9.648560732603073120e-02,9.675195068120956421e-02,1.040652841329574585e-01,1.116773560643196106e-01,1.103214323520660400e-01,1.085921004414558411e-01
1.591153740882873535e-01,1.292863935232162476e-01,1.604939997196197510e-01,2.311560511589050293e-01,8.659309893846511841e-02,0.000000000000000000e+00,5.403272435069084167e-02,7.982983440160751343e-02,9.949243068695068359e-02,0.000000000000000000e+00
2.457376569509506226e-01,0.000000000000000000e+00,0.000000000000000000e+00,0.000000000000000000e+00,0.000000000000000000e+00,0.000000000000000000e+00,0.000000000000000000e+00,0.000000000000000000e+00,4.627388715744018555e-01,2.915234565734863281e-01
1.695801913738250732e-01,0.000000000000000000e+00,1.849328428506851196e-01,0.000000000000000000e+00,0.000000000000000000e+00,2.901000380516052246e-01,0.000000000000000000e+00,0.000000000000000000e+00,1.711829304695129395e-01,1.842040121555328369e-01
1.280987858772277832e-01,0.000000000000000000e+00,2.174943238496780396e-01,1.270677000284194946e-01,1.672483831644058228e-01,8.203075081110000610e-02,9.383035451173782349e-02,8.256118744611740112e-02,0.000000000000000000e+00,1.016685143113136292e-01
3.017761707305908203e-01,2.371083199977874756e-01,0.000000000000000000e+00,1.951570212841033936e-01,0.000000000000000000e+00,0.000000000000000000e+00,0.000000000000000000e+00,0.000000000000000000e+00,2.659584879875183105e-01,0.000000000000000000e+00
9.009702503681182861e-02,8.585501462221145630e-02,1.062808334827423096e-01,9.011519700288772583e-02,9.654829651117324829e-02,9.681480377912521362e-02,1.041328907012939453e-01,1.117499098181724548e-01,1.103930994868278503e-01,1.080128774046897888e-01
6.608836352825164795e-02,1.276272982358932495e-01,1.151682287454605103e-01,0.000000000000000000e+00,1.588972210884094238e-01,0.000000000000000000e+00,1.369676291942596436e-01,1.176379993557929993e-01,1.599874645471572876e-01,1.176258325576782227e-01
6.673468649387359619e-02,1.288754492998123169e-01,1.162945404648780823e-01,0.000000000000000000e+00,1.604511886835098267e-01,0.000000000000000000e+00,1.383071392774581909e-01,1.187884733080863953e-01,1.615521013736724854e-01,1.089964434504508972e-01
1.282954961061477661e-01,0.000000000000000000e+00,2.178283184766769409e-01,1.272628307342529297e-01,1.675052046775817871e-01,8.215672522783279419e-02,9.397444874048233032e-02,8.268797397613525391e-02,0.000000000000000000e+00,1.002889499068260193e-01
1.266749054193496704e-01,0.000000000000000000e+00,2.150767594575881958e-01,1.256552636623382568e-01,1.653893291950225830e-01,8.111893385648727417e-02,9.278738498687744141e-02,8.164347708225250244e-02,0.000000000000000000e+00,1.116539388895034790e-01
3.587350547313690186e-01,3.818497359752655029e-01,0.000000000000000000e+00,0.000000000000000000e+00,0.000000000000000000e+00,0.000000000000000000e+00,0.000000000000000000e+00,0.000000000000000000e+00,0.000000000000000000e+00,2.594152092933654785e-01
1.000000000000000000e+00,0.000000000000000000e+00,0.000000000000000000e+00,0.000000000000000000e+00,0.000000000000000000e+00,0.000000000000000000e+00,0.000000000000000000e+00,0.000000000000000000e+00,0.000000000000000000e+00,0.000000000000000000e+00
1.285317242145538330e-01,0.000000000000000000e+00,2.182293981313705444e-01,1.274971514940261841e-01,1.678136289119720459e-01,8.230799436569213867e-02,9.414748102426528931e-02,8.284021914005279541e-02,0.000000000000000000e+00,9.863242506980895996e-02
7.371563315391540527e-01,0.000000000000000000e+00,0.000000000000000000e+00,0.000000000000000000e+00,0.000000000000000000e+00,0.000000000000000000e+00,0.000000000000000000e+00,0.000000000000000000e+00,0.000000000000000000e+00,2.628436982631683350e-01
9.002678841352462769e-02,8.578809350728988647e-02,1.061979830265045166e-01,9.004495292901992798e-02,9.647303074598312378e-02,9.673933684825897217e-02,1.040517166256904602e-01,1.116627976298332214e-01,1.103070452809333801e-01,1.087082773447036743e-01
1.263282448053359985e-01,0.000000000000000000e+00,7.480182498693466187e-02,1.546416878700256348e-01,1.615575850009918213e-01,0.000000000000000000e+00,1.041265428066253662e-01,6.073349341750144958e-02,2.406571060419082642e-01,7.715345919132232666e-02
2.708151042461395264e-01,0.000000000000000000e+00,0.000000000000000000e+00,1.938568204641342163e-01,0.000000000000000000e+00,0.000000000000000000e+00,0.000000000000000000e+00,2.578565478324890137e-01,0.000000000000000000e+00,2.774715721607208252e-01
2.774141728878021240e-01,0.000000000000000000e+00,0.000000000000000000e+00,1.985806077718734741e-01,0.000000000000000000e+00,0.000000000000000000e+00,0.000000000000000000e+00,2.641398310661315918e-01,0.000000000000000000e+00,2.598653733730316162e-01
1.283090412616729736e-01,0.000000000000000000e+00,2.178512960672378540e-01,1.272762566804885864e-01,1.675228774547576904e-01,8.216539025306701660e-02,9.398435801267623901e-02,8.269669115543365479e-02,0.000000000000000000e+00,1.001940593123435974e-01
9.003216028213500977e-02,8.579321205615997314e-02,1.062043234705924988e-01,9.005032479763031006e-02,9.647879004478454590e-02,9.674511104822158813e-02,1.040579229593276978e-01,1.116694584488868713e-01,1.103136241436004639e-01,1.086551472544670105e-01
2.650028169155120850e-01,0.000000000000000000e+00,0.000000000000000000e+00,0.000000000000000000e+00,0.000000000000000000e+00,3.844754695892333984e-01,0.000000000000000000e+00,0.000000000000000000e+00,1.667354553937911987e-01,1.837862730026245117e-01
9.006804227828979492e-02,8.582740277051925659e-02,1.062466502189636230e-01,9.008621424436569214e-02,9.651724249124526978e-02,9.678366780281066895e-02,1.040994003415107727e-01,1.117139682173728943e-01,1.103575974702835083e-01,1.082998290657997131e-01
4.685957431793212891e-01,0.000000000000000000e+00,0.000000000000000000e+00,0.000000000000000000e+00,0.000000000000000000e+00,0.000000000000000000e+00,0.000000000000000000e+00,3.003092408180236816e-01,0.000000000000000000e+00,2.310950756072998047e-01
4.566679298877716064e-01,0.000000000000000000e+00,0.000000000000000000e+00,0.000000000000000000e+00,0.000000000000000000e+00,0.000000000000000000e+00,0.000000000000000000e+00,2.926650643348693848e-01,0.000000000000000000e+00,2.506669759750366211e-01
4.545946121215820312e-01,0.000000000000000000e+00,0.000000000000000000e+00,0.000000000000000000e+00,0.000000000000000000e+00,0.000000000000000000e+00,0.000000000000000000e+00,2.913363277912139893e-01,0.000000000000000000e+00,2.540690600872039795e-01
9.009320288896560669e-02,8.585137873888015747e-02,1.062763258814811707e-01,9.011138230562210083e-02,9.654419869184494019e-02,9.681069850921630859e-02,1.041284725069999695e-01,1.117451712489128113e-01,1.103884205222129822e-01,1.080507636070251465e-01
1.000000000000000000e+00,0.000000000000000000e+00,0.000000000000000000e+00,0.000000000000000000e+00,0.000000000000000000e+00,0.000000000000000000e+00,0.000000000000000000e+00,0.000000000000000000e+00,0.000000000000000000e+00,0.000000000000000000e+00
6.550490856170654297e-02,1.265005469322204590e-01,1.141514703631401062e-01,0.000000000000000000e+00,1.574943959712982178e-01,0.000000000000000000e+00,1.357584148645401001e-01,1.165994405746459961e-01,1.585750281810760498e-01,1.254158020019531250e-01
9.038248658180236816e-02,8.612704277038574219e-02,1.066175773739814758e-01,9.040071815252304077e-02,9.685419499874114990e-02,9.712155163288116455e-02,1.044628247618675232e-01,1.121039763092994690e-01,1.107428669929504395e-01,1.051867306232452393e-01
1.280508637428283691e-01,0.000000000000000000e+00,2.174129486083984375e-01,1.270201504230499268e-01,1.671857982873916626e-01,8.200006186962127686e-02,9.379524737596511841e-02,8.253029733896255493e-02,0.000000000000000000e+00,1.020046696066856384e-01
1.835328340530395508e-01,1.783995628356933594e-01,0.000000000000000000e+00,0.000000000000000000e+00,1.779222488403320312e-01,0.000000000000000000e+00,0.000000000000000000e+00,1.053248867392539978e-01,1.368480026721954346e-01,2.179723829030990601e-01
2.690294384956359863e-01,0.000000000000000000e+00,0.000000000000000000e+00,0.000000000000000000e+00,0.000000000000000000e+00,3.903174102306365967e-01,0.000000000000000000e+00,0.000000000000000000e+00,1.692689359188079834e-01,1.713842600584030151e-01
9.035147726535797119e-02,8.609749376773834229e-02,1.065809950232505798e-01,9.036970883607864380e-02,9.682096540927886963e-02,9.708823263645172119e-02,1.044269874691963196e-01,1.120655164122581482e-01,1.107048764824867249e-01,1.054937317967414856e-01
1.837640553712844849e-01,1.786243021488189697e-01,0.000000000000000000e+00,0.000000000000000000e+00,1.781463772058486938e-01,0.000000000000000000e+00,0.000000000000000000e+00,1.054575592279434204e-01,1.370203793048858643e-01,2.169873565435409546e-01
9.044993668794631958e-02,8.619131147861480713e-02,1.066971421241760254e-01,9.046818315982818604e-02,9.692648053169250488e-02,9.719403088092803955e-02,1.045407801866531372e-01,1.121876388788223267e-01,1.108255162835121155e-01,1.045190170407295227e-01
9.048730880022048950e-02,8.622693270444869995e-02,1.067412272095680237e-01,9.050557017326354980e-02,9.696652740240097046e-02,9.723419696092605591e-02,1.045839786529541016e-01,1.122339963912963867e-01,1.108713075518608093e-01,1.041489690542221069e-01
1.000000000000000000e+00,0.000000000000000000e+00,0.000000000000000000e+00,0.000000000000000000e+00,0.000000000000000000e+00,0.000000000000000000e+00,0.000000000000000000e+00,0.000000000000000000e+00,0.000000000000000000e+00,0.000000000000000000e+00
5.401378870010375977e-01,4.598621726036071777e-01,0.000000000000000000e+00,0.000000000000000000e+00,0.000000000000000000e+00,0.000000000000000000e+00,0.000000000000000000e+00,0.000000000000000000e+00,0.000000000000000000e+00,0.000000000000000000e+00
1.362594664096832275e-01,0.000000000000000000e+00,0.000000000000000000e+00,0.000000000000000000e+00,1.989249736070632935e-01,0.000000000000000000e+00,1.400016397237777710e-01,1.634194701910018921e-01,2.078422755002975464e-01,1.535521298646926880e-01
1.435671299695968628e-01,1.166529357433319092e-01,1.448110342025756836e-01,2.085682153701782227e-01,7.813149690628051758e-02,0.000000000000000000e+00,4.875281825661659241e-02,7.202912122011184692e-02,8.977034687995910645e-02,9.771688282489776611e-02
5.258485674858093262e-01,4.741514623165130615e-01,0.000000000000000000e+00,0.000000000000000000e+00,0.000000000000000000e+00,0.000000000000000000e+00,0.000000000000000000e+00,0.000000000000000000e+00,0.000000000000000000e+00,0.000000000000000000e+00
2.668884694576263428e-01,2.123620212078094482e-01,2.478274703025817871e-01,0.000000000000000000e+00,0.000000000000000000e+00,2.729220390319824219e-01,0.000000000000000000e+00,0.000000000000000000e+00,0.000000000000000000e+00,0.000000000000000000e+00
9.082667529582977295e-02,1.015496253967285156e-01,1.190301626920700073e-01,1.159845441579818726e-01,1.004979535937309265e-01,8.630524575710296631e-02,5.556823685765266418e-02,1.142057180404663086e-01,1.070980131626129150e-01,1.089337989687919617e-01
3.828485012054443359e-01,0.000000000000000000e+00,0.000000000000000000e+00,0.000000000000000000e+00,0.000000000000000000e+00,0.000000000000000000e+00,0.000000000000000000e+00,0.000000000000000000e+00,0.000000000000000000e+00,6.171514987945556641e-01
8.881728351116180420e-02,9.930299967527389526e-02,1.163967996835708618e-01,1.134185716509819031e-01,9.827459603548049927e-02,8.439587801694869995e-02,5.433887988328933716e-02,1.116790920495986938e-01,1.047286391258239746e-01,1.286471635103225708e-01
1.000000000000000000e+00,0.000000000000000000e+00,0.000000000000000000e+00,0.000000000000000000e+00,0.000000000000000000e+00,0.000000000000000000e+00,0.000000000000000000e+00,0.000000000000000000e+00,0.000000000000000000e+00,0.000000000000000000e+00
9.051644802093505859e-02,8.625469356775283813e-02,1.067755967378616333e-01,9.053470939397811890e-02,9.699775278568267822e-02,9.726550430059432983e-02,1.046176552772521973e-01,1.122701317071914673e-01,1.109070107340812683e-01,1.038604900240898132e-01
4.432581961154937744e-01,0.000000000000000000e+00,0.000000000000000000e+00,0.000000000000000000e+00,0.000000000000000000e+00,0.000000000000000000e+00,0.000000000000000000e+00,0.000000000000000000e+00,5.567417740821838379e-01,0.000000000000000000e+00
9.053148329257965088e-02,8.626902103424072266e-02,1.067933365702629089e-01,9.054974466562271118e-02,9.701386094093322754e-02,9.728165715932846069e-02,1.046350300312042236e-01,1.122887805104255676e-01,1.109254285693168640e-01,1.037116497755050659e-01
9.072931855916976929e-02,8.645754307508468628e-02,1.070267111063003540e-01,9.074762463569641113e-02,9.722586721181869507e-02,9.749425202608108521e-02,1.048636883497238159e-01,1.125341653823852539e-01,1.111678332090377808e-01,1.017529740929603577e-01
9.075491875410079956e-02,8.648193627595901489e-02,1.070569008588790894e-01,9.077322483062744141e-02,9.725329279899597168e-02,9.752175211906433105e-02,1.048932746052742004e-01,1.125659123063087463e-01,1.111992001533508301e-01,1.014995574951171875e-01
1.462310701608657837e-01,1.188174709677696228e-01,1.474980562925338745e-01,2.124382704496383667e-01,7.958125323057174683e-02,0.000000000000000000e+00,4.965744167566299438e-02,7.336564362049102783e-02,9.143606573343276978e-02,8.097463101148605347e-02
3.477998375892639160e-01,0.000000000000000000e+00,3.225583434104919434e-01,0.000000000000000000e+00,0.000000000000000000e+00,0.000000000000000000e+00,0.000000000000000000e+00,0.000000000000000000e+00,0.000000000000000000e+00,3.296418488025665283e-01
6.522426009178161621e-01,0.000000000000000000e+00,0.000000000000000000e+00,3.477574288845062256e-01,0.000000000000000000e+00,0.000000000000000000e+00,0.000000000000000000e+00,0.000000000000000000e+00,0.000000000000000000e+00,0.000000000000000000e+00
1.236266940832138062e-01,1.162829473614692688e-01,1.059934347867965698e-01,5.561758950352668762e-02,8.780516684055328369e-02,1.010376811027526855e-01,1.532877683639526367e-01,9.783070534467697144e-02,0.000000000000000000e+00,1.585180461406707764e-01
1.464214026927947998e-01,1.189720630645751953e-01,1.476900130510330200e-01,2.127147763967514038e-01,7.968484610319137573e-02,0.000000000000000000e+00,4.972204566001892090e-02,7.346111536026000977e-02,9.155505895614624023e-02,7.977867126464843750e-02
